species,r,R0,Tc,AFR
Propithecus_verreauxi,0.055678329421553124,1.9230802658675001,12.534914253569209,2.0
Bison_bison,0.07119836363061474,1.8789548309797228,9.285792074490443,4.0
Urocitellus_brunneus,-0.32717265122076206,0.420538999377,2.2742471767585313,1.0
Pan_troglodytes,-0.012891106970175993,0.7449490307846705,22.433445869436884,11.0
Cebus_capucinus,0.03435114224758559,1.5114295635653452,12.512128073524611,5.0
Papio_cynocephalus,0.04479814597233999,1.6223579684674458,11.226077878261401,4.0
Cercopitecus_mitis,0.05535217407126903,2.0494948090985528,13.677738814830231,4.0
Gorilla_beringei,0.03376966145977711,1.9177846862570103,20.33453335395295,8.0
Orcinus_orca,0.003712608117932472,1.10014606560965,25.894501653640162,11.0
Propithecus_diadema,-0.06221318294053562,0.52149029,9.999471303674705,4.0
Urocitellus_beldingi,0.12793616967592428,1.344169138902,2.432230483944594,1.0
Urocitellus_armatus,-0.045922485400479274,0.9274800000000001,1.6156574804847543,0.75
Rucervus_eldii,0.011303681734392406,1.046714285762,4.05517752357603,2.0
Alces_alces,0.045881156469589006,1.388068866,7.370859863843384,2.0
Capreolus_capreolus,0.1654293768748732,2.3764132090893253,5.89475840780154,2.0
Cervus_elaphus,-0.02039115691405179,0.8400334925540001,8.43085933007693,3.0
Dipodomys_spectabilis,-0.517932698601638,0.36873364918389917,1.6478082952990745,1.0
Elephas_maximus,-0.02088322834252537,0.494725547,31.6623028949827,6.0
Helogale_parvula,0.009062299979599533,1.05429508915,5.859715637507862,2.0
Loxodonta_africana,0.02010785705548271,1.560579407472,23.358058980235533,8.0
Lycaon_pictus,0.03378203007278319,1.19949332718,5.424273029977124,2.0
Mandrillus_sphinx,0.006350587452165024,1.0578352663451085,8.958594518194085,3.0
Marmota_flaviventris,-0.08501768900473096,0.671426907156,4.494124421218521,2.0
Marmota_marmota,0.29239306161121703,4.3808075160156905,5.833274410813731,3.0
Mirounga_angustirostris,-0.04869325570880279,0.6754114392493581,7.65794544120184,3.0
Odocoileus_virginianus,0.09240633543561157,1.5863558147,5.354073430371119,2.0
Oreamnos_americanus,0.0346394317659942,1.3307029547020566,8.387081708679101,3.0
Ovis_canadensis,0.06024122835596655,1.4992295743771533,7.005867244394285,2.0
Panthera_leo,0.01002791921356146,1.0720933685740817,7.005477712203546,2.0
Panthera_pardus,0.08599510865226953,2.0612276404896215,8.958139769234455,3.0
Rupicapra_rupicapra,0.05342000701965364,1.5575397240489428,8.695750237340363,2.0
Tamiasciurus_hudsonicus,0.06536165184652576,1.115714286115,1.6974208887362014,1.0
Enhydra_lutris,0.023181916343261284,1.1762232865689188,7.131194207937828,2.0
Otaria_byronia,0.061739500287121496,1.819241705847,10.016050650681079,4.0
Trichosurus_vulpecula,0.14552972048036647,2.084733009623,5.598311813512543,1.0
Arctocephalus_tropicalis,-0.08303396597715702,0.4108593940163,10.48187401458244,5.0
Ovis aries,0.034709263580662744,1.14706999626,4.0804731817901,0.0
Equus_przewalskii,0.14460290943959997,3.303313063041,9.776033957763476,2.0
Globicephala_melas,0.028417560703780313,1.6415437441644052,18.355545356050598,5.0
Marmota_baibacina,0.21095881647886436,3.3575707078701,6.143515257653494,3.0
Vulpes_vulpes,0.01605885365550971,1.0466187963387499,2.880584622703883,1.0
Suricata_suricatta,0.04193633379648294,1.1027865605652354,2.402704299811244,0.0
Lemur_catta,0.047201143736400046,1.370301396076,6.885163962812403,2.0
Theropithecus_gelada,0.009899063477344506,1.11469003783,11.052259030984436,4.0
Papio_ursinus,-0.0010253681301158886,0.988816461645,10.967545228285731,5.0
