specimen,cluster,age_years_reported,age_numeric
IVPP V16902.1,hatchling_cluster,<1,0.5
IVPP V16902.2,hatchling_cluster,<1,0.5
IVPP V16902.3,hatchling_cluster,<1,0.5
IVPP V14341.2,V14341_cluster,2,2
IVPP V14341.3,V14341_cluster,2,2
IVPP V14341.4,V14341_cluster,2,2
IVPP V14341.5,V14341_cluster,2,2
IVPP V14341.6,V14341_cluster,2,2
IVPP V14341.1,V14341_cluster,3,3
IVPP V14342,V14342,unknown,
IVPP V14748,isolated,5,5
IVPP V14749,isolated,5,5
IVPP V18343,isolated,7,7
IVPP V18344,isolated,7,7
IVPP V12617,isolated,10,10
IVPP V12716,isolated,10,10
