taxon,source_citation,DOI,dataset_URL_or_repository,fossil_or_extant,assemblage_id,assemblage_type,n_total_reported,n_aged,age_data_type,age_method,age_resolution,uncertainty_available,max_age_reported,sample_size_for_max,preservation_notes,collection_bias_notes,usable_primary,usable_sensitivity,exclusion_reason,license_or_reuse_note
Maiasaura peeblesorum,"Woodward et al. 2015 Paleobiology 'Maiasaura, a model organism for extinct vertebrate population biology'",10.1017/pab.2015.27,doi:10.5061/dryad.7vf45,fossil,maiasaura_tibiae,mixed,50,50,individual,Histological LAG counts on tibiae,integer LAG count,partial (EFS-flagged specimens have missing internal LAGs; several specimens have eroded periosteal surface or poor internal preservation),10,50,50 tibiae from monodominant bonebed + isolated specimens; mixed attritional/catastrophic interpretation contested (Horner et al. mass-death vs attritional accumulation),only largest/most complete tibiae histologically sectioned; size-biased sampling,yes,yes,,CC0 Dryad
Psittacosaurus lujiatunensis,Zhao et al. 2013 Nature Communications 'Histology and postural change during the growth of the ceratopsian dinosaur Psittacosaurus lujiatunensis',10.1038/ncomms3079,nature.com article + supplementary PDF,fossil,zhao2013_psittacosaurus,mixed,16,15,individual,Histological LAG counts + retrocalculation,integer with parenthetical retrocalculated LAGs,partial (retrocalculated ages; hatchlings upper-bounded <1),10,15,two juvenile monodominant clusters (catastrophic snapshots) + isolated specimens of unknown taphonomic context,"clusters selectively chosen; IVPP V14342 could not be sectioned (size-~3yr, missing value)",yes,yes,,CC BY 4.0
Psittacosaurus lujiatunensis (life table),Erickson et al. 2009 Anatomical Record 'A Life Table for Psittacosaurus lujiatunensis',10.1002/ar.20992,Wiley article (blocked: Cloudflare),fossil,erickson2009_psittacosaurus,catastrophic,80,80,life-table,Histological longevity estimates,year,,11,80,static life table published; standing-crop interpretation of monodominant bonebed,Table 2 static life table inaccessible behind Wiley Cloudflare; specimen Table 1 inaccessible,no,yes,paywalled/blocked; life-table lx recoverable only via digitization of published figure (flagged if used),paywalled
Tyrannosauridae (4 taxa),Erickson et al. 2006 Science 'Tyrannosaur life tables',10.1126/science.1125721,Science (blocked),fossil,erickson2006_tyrannosaurs,attritional,~80 total,~80,life-table,Histological LAG counts,year,,~28,per taxon n 9-29,attritional assemblage interpretation,only Albertosaurus lx recoverable verbatim from Griebeler Dryad README; original dx table paywalled,no,yes,paywalled; Albertosaurus lx transcribed in Griebeler Dryad README used as grouped data,paywalled
Albertosaurus sarcophagus,Steinsaltz & Orzack 2011 Paleobiology + Erickson et al. 2006,10.1666/08056.1,Paleobiology (blocked) / Griebeler Dryad README,fossil,albertosaurus_grouped,attritional,22,22,grouped,Histological ages,integer LAG bins,,28,22,used by Steinsaltz & Orzack for small-sample survival methods; size-dependent fossilization discussed,small sample,no,yes,"grouped lx from Griebeler README (traced to Erickson 2006), not specimen-level",CC0 Dryad (transcription)
Morganucodon watsoni,Newham et al. 2020 Nature Communications 'Reptile-like physiology in Early Jurassic stem-mammals',10.1038/s41467-020-18898-4,nature.com supplementary xlsx,fossil,morganucodon_cementum,unknown,35,35,individual,Cementum increment counts (3 observers),integer count,observer-specific estimates (3 counts/specimen),14,35,fissure-fill assemblage; not a demonstrably demographic death assemblage — use for order-statistic/measurement demonstration only,selected measurable specimens; not random death sample,yes,yes,,CC BY 4.0
Kuehneotherium praecursoris,Newham et al. 2020 Nature Communications,10.1038/s41467-020-18898-4,nature.com supplementary xlsx,fossil,kuehneotherium_cementum,unknown,27,27,individual,Cementum increment counts (3 observers),integer count,observer-specific estimates,9,27,same as Morganucodon,same,yes,yes,,CC BY 4.0
45 extant mammal populations,Ronget et al. 2026 Journal of Animal Ecology malddaba database,10.1111/1365-2656.70276,malddaba.univ-lyon1.fr life_table_data.zip,extant,malddaba_lifetables,NA,NA,NA,life-table,"cohort life tables (Sx,  lx,  mx,  ex)",1 year,NA,per species,NA,43-45 population-specific life tables built by malddaba from published survival series,life tables smoothed/censored per malddaba methodology; some survival modeled,yes,yes,,Open-access database
COMADRE Animal Matrix Database,Salguero-Gómez et al. 2016 J Anim Ecol,10.1111/1365-2656.12482,compadre-db.org,extant,comadre,NA,NA,NA,matrix model,stage-structured matrices,NA,NA,NA,NA,requires registration; no programmatic access this session,NA,no,no,registration-gated; not retrieved,Registration required
Fossil proboscidean assemblages,Haynes 1991 mammoth deaths (Hot Springs SD) et al.,various,none digitized,fossil,proboscideans,mixed/various,NA,NA,NA,cementochronology/various,NA,NA,NA,NA,no freely accessible machine-readable age profiles found in time budget,NA,no,yes,no accessible individual/grouped age data located,NA
