Combined_life_table_id,Age,Sx,lx,mx,species
1,0.0,0.976,1.0,0.0,Propithecus_verreauxi
1,1.0,0.975,0.976,0.0,Propithecus_verreauxi
1,2.0,0.949,0.9516,0.003529071,Propithecus_verreauxi
1,3.0,0.941,0.9030684,0.015038341,Propithecus_verreauxi
1,4.0,0.973,0.849787364,0.044845298,Propithecus_verreauxi
1,5.0,0.882,0.826843106,0.113289119,Propithecus_verreauxi
1,6.0,0.873,0.729275619,0.151392085,Propithecus_verreauxi
1,7.0,0.904,0.636657615,0.183230741,Propithecus_verreauxi
1,8.0,0.952,0.575538484,0.226841756,Propithecus_verreauxi
1,9.0,0.941,0.547912637,0.280752842,Propithecus_verreauxi
1,10.0,0.929,0.515585792,0.256287367,Propithecus_verreauxi
1,11.0,0.989,0.4789792,0.277617758,Propithecus_verreauxi
1,12.0,0.943,0.473710429,0.294218914,Propithecus_verreauxi
1,13.0,0.939,0.446708935,0.258315776,Propithecus_verreauxi
1,14.0,0.922,0.41945969,0.25564786,Propithecus_verreauxi
1,15.0,0.933,0.386741834,0.255892421,Propithecus_verreauxi
1,16.0,0.927,0.360830131,0.247788337,Propithecus_verreauxi
1,17.0,0.938,0.334489531,0.235179478,Propithecus_verreauxi
1,18.0,0.871,0.31375118,0.197450468,Propithecus_verreauxi
1,19.0,0.941,0.273277278,0.207980635,Propithecus_verreauxi
1,20.0,0.778,0.257153919,0.269978867,Propithecus_verreauxi
1,21.0,0.853,0.200065749,0.220786746,Propithecus_verreauxi
1,22.0,0.862,0.170656084,0.191969096,Propithecus_verreauxi
1,23.0,0.792,0.147105544,0.232330907,Propithecus_verreauxi
1,24.0,0.889,0.116507591,0.170835367,Propithecus_verreauxi
1,25.0,0.871,0.103575248,0.113168087,Propithecus_verreauxi
1,26.0,0.846,0.090214041,0.17892352,Propithecus_verreauxi
1,27.0,1,0.076321079,0.2,Propithecus_verreauxi
1,28.0,0.895,0.076321079,0.0,Propithecus_verreauxi
1,29.0,0.875,0.068307366,0.0,Propithecus_verreauxi
1,30.0,0.429,0.059768945,0.0,Propithecus_verreauxi
1,31.0,1,0.025640877,0.25,Propithecus_verreauxi
1,32.0,1,0.025640877,0.0,Propithecus_verreauxi
1,33.0,1,0.025640877,0.0,Propithecus_verreauxi
1,34.0,0,0.025640877,0.0,Propithecus_verreauxi
2,0.0,0.765960061,1.0,0.0,Bison_bison
2,1.0,0.889530468,0.765960061,0.0,Bison_bison
2,2.0,0.898219711,0.681344811,0.0,Bison_bison
2,3.0,0.923918871,0.611997339,0.0,Bison_bison
2,4.0,0.936863385,0.565435891,0.225431793,Bison_bison
2,5.0,0.975317191,0.529736182,0.311160606,Bison_bison
2,6.0,0.949953091,0.516660805,0.384925935,Bison_bison
2,7.0,0.920356058,0.490803529,0.386982455,Bison_bison
2,8.0,0.980097391,0.451714001,0.416931004,Bison_bison
2,9.0,0.941967477,0.442723714,0.393095101,Bison_bison
2,10.0,0.963411365,0.41703134,0.401127671,Bison_bison
2,11.0,0.938047266,0.401772732,0.379283785,Bison_bison
2,12.0,0.938203628,0.376881813,0.365407965,Bison_bison
2,13.0,0.861787437,0.353591884,0.369456502,Bison_bison
2,14.0,0.827912795,0.304721044,0.283860491,Bison_bison
2,15.0,0.696178074,0.252282451,0.289901044,Bison_bison
2,16.0,0.747408863,0.175633511,0.200332382,Bison_bison
2,17.0,0.63268406,0.131270043,0.140636383,Bison_bison
2,18.0,0.726467566,0.083052464,0.236321485,Bison_bison
2,19.0,0.641529664,0.060334921,0.186589364,Bison_bison
2,20.0,0.377870354,0.038706642,0.085057218,Bison_bison
2,21.0,0,0.014626092,0.0,Bison_bison
3,0.0,0.206,1.0,0.0,Urocitellus_brunneus
3,1.0,0.397,0.206,0.854,Urocitellus_brunneus
3,2.0,0.567,0.081782,1.124,Urocitellus_brunneus
3,3.0,0.567,0.046370394,1.427,Urocitellus_brunneus
3,4.0,0.567,0.026292013,1.749,Urocitellus_brunneus
3,5.0,0.217,0.014907572,2.074,Urocitellus_brunneus
3,6.0,0.217,0.003234943,2.39,Urocitellus_brunneus
3,7.0,0,0.000701983,2.688,Urocitellus_brunneus
4,0.0,0.812,1.0,0.0,Pan_troglodytes
4,1.0,0.878,0.812,0.0,Pan_troglodytes
4,2.0,0.948,0.712936,0.0,Pan_troglodytes
4,3.0,0.946,0.675863328,0.0,Pan_troglodytes
4,4.0,0.964,0.639366708,0.0,Pan_troglodytes
4,5.0,0.981,0.616349507,0.0,Pan_troglodytes
4,6.0,0.981,0.604638866,0.0,Pan_troglodytes
4,7.0,0.943,0.593150728,0.0,Pan_troglodytes
4,8.0,0.9,0.559341136,0.0,Pan_troglodytes
4,9.0,1,0.503407023,0.0,Pan_troglodytes
4,10.0,0.937,0.503407023,0.0,Pan_troglodytes
4,11.0,0.96,0.47169238,0.051375824,Pan_troglodytes
4,12.0,0.95,0.452824685,0.044863429,Pan_troglodytes
4,13.0,0.951,0.430183451,0.069535479,Pan_troglodytes
4,14.0,1,0.409104462,0.076690901,Pan_troglodytes
4,15.0,0.968,0.409104462,0.188696865,Pan_troglodytes
4,16.0,1,0.396013119,0.135462337,Pan_troglodytes
4,17.0,0.966,0.396013119,0.106866422,Pan_troglodytes
4,18.0,0.965,0.382548673,0.028796878,Pan_troglodytes
4,19.0,0.963,0.369159469,0.060957971,Pan_troglodytes
4,20.0,0.981,0.355500569,0.09466012,Pan_troglodytes
4,21.0,0.96,0.348746058,0.092166615,Pan_troglodytes
4,22.0,0.979,0.334796216,0.125798619,Pan_troglodytes
4,23.0,1,0.327765495,0.123443984,Pan_troglodytes
4,24.0,0.91,0.327765495,0.064142827,Pan_troglodytes
4,25.0,0.952,0.298266601,0.062000043,Pan_troglodytes
4,26.0,0.975,0.283949804,0.072917291,Pan_troglodytes
4,27.0,0.899,0.276851059,0.205705672,Pan_troglodytes
4,28.0,0.942,0.248889102,0.079840611,Pan_troglodytes
4,29.0,0.902,0.234453534,0.078003204,Pan_troglodytes
4,30.0,0.889,0.211477088,0.066104609,Pan_troglodytes
4,31.0,0.88,0.188003131,0.047185351,Pan_troglodytes
4,32.0,0.915,0.165442755,0.050571132,Pan_troglodytes
4,33.0,0.952,0.151380121,0.179610116,Pan_troglodytes
4,34.0,0.8,0.144113875,0.030548238,Pan_troglodytes
4,35.0,1,0.1152911,0.076923077,Pan_troglodytes
4,36.0,0.929,0.1152911,0.0,Pan_troglodytes
4,37.0,0.929,0.107105432,0.041050857,Pan_troglodytes
4,38.0,0.857,0.099500946,0.180125755,Pan_troglodytes
4,39.0,0.75,0.085272311,0.0,Pan_troglodytes
4,40.0,1,0.063954233,0.1,Pan_troglodytes
4,41.0,1,0.063954233,0.0,Pan_troglodytes
4,42.0,1,0.063954233,0.121506986,Pan_troglodytes
4,43.0,1,0.063954233,0.0,Pan_troglodytes
4,44.0,0.667,0.063954233,0.23814181,Pan_troglodytes
4,45.0,0.75,0.042657474,0.0,Pan_troglodytes
4,46.0,0.667,0.031993105,0.0,Pan_troglodytes
4,47.0,1,0.021339401,0.0,Pan_troglodytes
4,48.0,1,0.021339401,0.0,Pan_troglodytes
4,49.0,1,0.021339401,0.25,Pan_troglodytes
4,50.0,1,0.021339401,0.0,Pan_troglodytes
4,51.0,1,0.021339401,0.0,Pan_troglodytes
4,52.0,1,0.021339401,0.0,Pan_troglodytes
4,53.0,0.5,0.021339401,0.0,Pan_troglodytes
4,54.0,1,0.010669701,0.0,Pan_troglodytes
4,55.0,0,0.010669701,0.0,Pan_troglodytes
5,0.0,0.789,1.0,0.0,Cebus_capucinus
5,1.0,0.922,0.789,0.0,Cebus_capucinus
5,2.0,0.934,0.727458,0.0,Cebus_capucinus
5,3.0,0.951,0.679445772,0.0,Cebus_capucinus
5,4.0,0.976,0.646152929,0.0,Cebus_capucinus
5,5.0,1,0.630645259,0.053261366,Cebus_capucinus
5,6.0,0.915,0.630645259,0.345592898,Cebus_capucinus
5,7.0,0.978,0.577040412,0.148043255,Cebus_capucinus
5,8.0,0.931,0.564345523,0.227839607,Cebus_capucinus
5,9.0,0.922,0.525405682,0.170491988,Cebus_capucinus
5,10.0,0.84,0.484424039,0.238459786,Cebus_capucinus
5,11.0,0.864,0.406916192,0.258031617,Cebus_capucinus
5,12.0,0.872,0.35157559,0.164316169,Cebus_capucinus
5,13.0,1,0.306573915,0.197491306,Cebus_capucinus
5,14.0,0.824,0.306573915,0.28283058,Cebus_capucinus
5,15.0,1,0.252616906,0.320392183,Cebus_capucinus
5,16.0,1,0.252616906,0.27309792,Cebus_capucinus
5,17.0,0.917,0.252616906,0.275595576,Cebus_capucinus
5,18.0,1,0.231649703,0.156569265,Cebus_capucinus
5,19.0,0.789,0.231649703,0.271820642,Cebus_capucinus
5,20.0,0.857,0.182771615,0.169312783,Cebus_capucinus
5,21.0,1,0.156635274,0.531608447,Cebus_capucinus
5,22.0,1,0.156635274,0.1,Cebus_capucinus
5,23.0,0.6,0.156635274,0.224229789,Cebus_capucinus
5,24.0,1,0.093981165,0.5,Cebus_capucinus
5,25.0,0.5,0.093981165,0.0,Cebus_capucinus
5,26.0,0,0.046990582,0.0,Cebus_capucinus
6,0.0,0.774,1.0,0.0,Papio_cynocephalus
6,1.0,0.869,0.774,0.0,Papio_cynocephalus
6,2.0,0.924,0.672606,0.0,Papio_cynocephalus
6,3.0,0.949,0.621487944,0.0,Papio_cynocephalus
6,4.0,0.962,0.589792059,0.005322159,Papio_cynocephalus
6,5.0,0.951,0.567379961,0.21146967,Papio_cynocephalus
6,6.0,0.949,0.539578343,0.264004822,Papio_cynocephalus
6,7.0,0.966,0.512059847,0.272197897,Papio_cynocephalus
6,8.0,0.939,0.494649812,0.278900192,Papio_cynocephalus
6,9.0,0.956,0.464476174,0.280547188,Papio_cynocephalus
6,10.0,0.952,0.444039222,0.268876047,Papio_cynocephalus
6,11.0,0.934,0.422725339,0.275677493,Papio_cynocephalus
6,12.0,0.926,0.394825467,0.290059188,Papio_cynocephalus
6,13.0,0.932,0.365608382,0.291210405,Papio_cynocephalus
6,14.0,0.891,0.340747012,0.284686652,Papio_cynocephalus
6,15.0,0.916,0.303605588,0.273652583,Papio_cynocephalus
6,16.0,0.899,0.278102719,0.263003135,Papio_cynocephalus
6,17.0,0.841,0.250014344,0.271082306,Papio_cynocephalus
6,18.0,0.795,0.210262063,0.270676545,Papio_cynocephalus
6,19.0,0.812,0.16715834,0.235843749,Papio_cynocephalus
6,20.0,0.915,0.135732572,0.233118458,Papio_cynocephalus
6,21.0,0.65,0.124195304,0.259399551,Papio_cynocephalus
6,22.0,0.833,0.080726947,0.046929205,Papio_cynocephalus
6,23.0,0.895,0.067245547,0.107521343,Papio_cynocephalus
6,24.0,0.625,0.060184765,0.0,Papio_cynocephalus
6,25.0,0.6,0.037615478,0.0,Papio_cynocephalus
6,26.0,0.333,0.022569287,0.0,Papio_cynocephalus
6,27.0,0,0.007515572,0.0,Papio_cynocephalus
7,0.0,0.861111111,1.0,0.0,Cercopitecus_mitis
7,1.0,0.916666667,0.861111111,0.0,Cercopitecus_mitis
7,2.0,0.991967871,0.789351852,0.0,Cercopitecus_mitis
7,3.0,0.932773109,0.783011676,0.0,Cercopitecus_mitis
7,4.0,0.981132075,0.730372236,0.005361389,Cercopitecus_mitis
7,5.0,0.972222222,0.716591628,0.037529804,Cercopitecus_mitis
7,6.0,0.973684211,0.696686305,0.151627402,Cercopitecus_mitis
7,7.0,0.991189427,0.678352455,0.137068922,Cercopitecus_mitis
7,8.0,0.971014493,0.672375781,0.195299899,Cercopitecus_mitis
7,9.0,0.978947368,0.652886628,0.200386957,Cercopitecus_mitis
7,10.0,0.989010989,0.639141646,0.241063561,Cercopitecus_mitis
7,11.0,0.975609756,0.632118112,0.219853837,Cercopitecus_mitis
7,12.0,0.959459459,0.616700597,0.277207555,Cercopitecus_mitis
7,13.0,0.984962406,0.591699221,0.236427333,Cercopitecus_mitis
7,14.0,0.938931298,0.582801489,0.284537527,Cercopitecus_mitis
7,15.0,0.957142857,0.547210558,0.199502701,Cercopitecus_mitis
7,16.0,0.93495935,0.523758677,0.105590661,Cercopitecus_mitis
7,17.0,0.927272727,0.489693072,0.279715362,Cercopitecus_mitis
7,18.0,0.957894737,0.45407903,0.206004391,Cercopitecus_mitis
7,19.0,0.955555556,0.434959913,0.18102257,Cercopitecus_mitis
7,20.0,0.951219512,0.415628362,0.13325527,Cercopitecus_mitis
7,21.0,0.866666667,0.395353807,0.243563157,Cercopitecus_mitis
7,22.0,0.84375,0.342639966,0.113473966,Cercopitecus_mitis
7,23.0,0.882352941,0.289102472,0.028998452,Cercopitecus_mitis
7,24.0,0.804878049,0.255090416,0.215943243,Cercopitecus_mitis
7,25.0,0.612903226,0.205316676,0.117595101,Cercopitecus_mitis
7,26.0,0.777777778,0.125839253,0.181957822,Cercopitecus_mitis
7,27.0,0.428571429,0.097874975,0.07057971,Cercopitecus_mitis
7,28.0,0.666666667,0.041946418,0.0,Cercopitecus_mitis
7,29.0,1,0.027964279,0.091899442,Cercopitecus_mitis
7,30.0,1,0.027964279,0.14028436,Cercopitecus_mitis
7,31.0,1,0.027964279,0.0,Cercopitecus_mitis
7,32.0,0.5,0.027964279,0.0,Cercopitecus_mitis
7,33.0,0,0.013982139,0.0,Cercopitecus_mitis
8,0.0,0.791,1.0,0.0,Gorilla_beringei
8,1.0,0.887,0.791,0.0,Gorilla_beringei
8,2.0,0.96,0.701617,0.0,Gorilla_beringei
8,3.0,0.957,0.67355232,0.0,Gorilla_beringei
8,4.0,1,0.64458957,0.0,Gorilla_beringei
8,5.0,1,0.64458957,0.0,Gorilla_beringei
8,6.0,1,0.64458957,0.0,Gorilla_beringei
8,7.0,0.984,0.64458957,0.0,Gorilla_beringei
8,8.0,0.969,0.634276137,0.119275027,Gorilla_beringei
8,9.0,0.984,0.614613577,0.179343109,Gorilla_beringei
8,10.0,0.983,0.60477976,0.158077107,Gorilla_beringei
8,11.0,1,0.594498504,0.057546835,Gorilla_beringei
8,12.0,1,0.594498504,0.117330965,Gorilla_beringei
8,13.0,1,0.594498504,0.20002717,Gorilla_beringei
8,14.0,0.979,0.594498504,0.097675617,Gorilla_beringei
8,15.0,0.978,0.582014035,0.035996452,Gorilla_beringei
8,16.0,0.979,0.569209726,0.145525176,Gorilla_beringei
8,17.0,1,0.557256322,0.191735062,Gorilla_beringei
8,18.0,0.975,0.557256322,0.118846565,Gorilla_beringei
8,19.0,0.973,0.543324914,0.174136722,Gorilla_beringei
8,20.0,1,0.528655141,0.208835218,Gorilla_beringei
8,21.0,0.97,0.528655141,0.048513493,Gorilla_beringei
8,22.0,1,0.512795487,0.11865095,Gorilla_beringei
8,23.0,1,0.512795487,0.20961783,Gorilla_beringei
8,24.0,0.965,0.512795487,0.170513785,Gorilla_beringei
8,25.0,1,0.494847645,0.06115069,Gorilla_beringei
8,26.0,1,0.494847645,0.186339334,Gorilla_beringei
8,27.0,1,0.494847645,0.183977233,Gorilla_beringei
8,28.0,0.925,0.494847645,0.129021813,Gorilla_beringei
8,29.0,0.915,0.457734072,0.109376755,Gorilla_beringei
8,30.0,0.952,0.418826676,0.087676198,Gorilla_beringei
8,31.0,0.9,0.398722995,0.101510029,Gorilla_beringei
8,32.0,0.886,0.358850696,0.069730814,Gorilla_beringei
8,33.0,0.857,0.317941716,0.134442935,Gorilla_beringei
8,34.0,0.909,0.272476051,0.129039831,Gorilla_beringei
8,35.0,1,0.24768073,0.055555556,Gorilla_beringei
8,36.0,0.9,0.24768073,0.0,Gorilla_beringei
8,37.0,0.778,0.222912657,0.215571513,Gorilla_beringei
8,38.0,0.714,0.173426047,0.0,Gorilla_beringei
8,39.0,1,0.123826198,0.1,Gorilla_beringei
8,40.0,1,0.123826198,0.083333334,Gorilla_beringei
8,41.0,1,0.123826198,0.0,Gorilla_beringei
8,42.0,0.333,0.123826198,0.0,Gorilla_beringei
8,43.0,0,0.041234124,0.0,Gorilla_beringei
9,0.0,0.9595,1.0,0.0,Orcinus_orca
9,1.0,0.9748,0.9595,0.0,Orcinus_orca
9,2.0,0.9748,0.9353206,0.0,Orcinus_orca
9,3.0,0.9781,0.911750521,0.0,Orcinus_orca
9,4.0,0.9781,0.891783184,0.0,Orcinus_orca
9,5.0,0.9781,0.872253133,0.0,Orcinus_orca
9,6.0,0.9843,0.853150789,0.0,Orcinus_orca
9,7.0,0.9843,0.839756322,0.0,Orcinus_orca
9,8.0,0.9843,0.826572147,0.0,Orcinus_orca
9,9.0,0.9843,0.813594965,0.0,Orcinus_orca
9,10.0,0.9945,0.800821524,0.0,Orcinus_orca
9,11.0,0.9945,0.796417005,0.03125,Orcinus_orca
9,12.0,0.9945,0.792036712,0.02955,Orcinus_orca
9,13.0,0.9945,0.78768051,0.06175,Orcinus_orca
9,14.0,0.9945,0.783348267,0.05295,Orcinus_orca
9,15.0,1,0.779039852,0.05515,Orcinus_orca
9,16.0,1,0.779039852,0.0417,Orcinus_orca
9,17.0,1,0.779039852,0.06585,Orcinus_orca
9,18.0,1,0.779039852,0.0578,Orcinus_orca
9,19.0,1,0.779039852,0.05445,Orcinus_orca
9,20.0,1,0.779039852,0.05305,Orcinus_orca
9,21.0,1,0.779039852,0.05305,Orcinus_orca
9,22.0,1,0.779039852,0.05305,Orcinus_orca
9,23.0,1,0.779039852,0.05305,Orcinus_orca
9,24.0,1,0.779039852,0.05305,Orcinus_orca
9,25.0,0.9964,0.779039852,0.04565,Orcinus_orca
9,26.0,0.9964,0.776235308,0.04565,Orcinus_orca
9,27.0,0.9964,0.773440861,0.04565,Orcinus_orca
9,28.0,0.9964,0.770656474,0.04565,Orcinus_orca
9,29.0,0.9964,0.767882111,0.04565,Orcinus_orca
9,30.0,0.9964,0.765117735,0.03725,Orcinus_orca
9,31.0,0.9964,0.762363311,0.03725,Orcinus_orca
9,32.0,0.9964,0.759618803,0.03725,Orcinus_orca
9,33.0,0.9964,0.756884176,0.03725,Orcinus_orca
9,34.0,0.9964,0.754159393,0.03725,Orcinus_orca
9,35.0,0.9891,0.751444419,0.03005,Orcinus_orca
9,36.0,0.9891,0.743253675,0.03005,Orcinus_orca
9,37.0,0.9891,0.73515221,0.03005,Orcinus_orca
9,38.0,0.9891,0.727139051,0.03005,Orcinus_orca
9,39.0,0.9891,0.719213235,0.03005,Orcinus_orca
9,40.0,0.975,0.711373811,0.01915,Orcinus_orca
9,41.0,0.975,0.693589465,0.01915,Orcinus_orca
9,42.0,0.975,0.676249729,0.01915,Orcinus_orca
9,43.0,0.975,0.659343486,0.01915,Orcinus_orca
9,44.0,0.975,0.642859898,0.01915,Orcinus_orca
9,45.0,0.975,0.626788401,0.00925,Orcinus_orca
9,46.0,0.975,0.611118691,0.00925,Orcinus_orca
9,47.0,0.975,0.595840724,0.00925,Orcinus_orca
9,48.0,0.975,0.580944706,0.00925,Orcinus_orca
9,49.0,0.975,0.566421088,0.00925,Orcinus_orca
9,50.0,0.9672,0.552260561,0.00365,Orcinus_orca
9,51.0,0.9672,0.534146414,0.00365,Orcinus_orca
9,52.0,0.9672,0.516626412,0.00365,Orcinus_orca
9,53.0,0.9672,0.499681066,0.00365,Orcinus_orca
9,54.0,0.9672,0.483291527,0.00365,Orcinus_orca
9,55.0,0.9672,0.467439565,0.0013,Orcinus_orca
9,56.0,0.9672,0.452107547,0.0013,Orcinus_orca
9,57.0,0.9672,0.437278419,0.0013,Orcinus_orca
9,58.0,0.9672,0.422935687,0.0013,Orcinus_orca
9,59.0,0.9672,0.409063397,0.0013,Orcinus_orca
9,60.0,0.931,0.395646117,0.0045,Orcinus_orca
9,61.0,0.931,0.368346535,0.0045,Orcinus_orca
9,62.0,0.931,0.342930624,0.0045,Orcinus_orca
9,63.0,0.931,0.319268411,0.0045,Orcinus_orca
9,64.0,0.931,0.297238891,0.0045,Orcinus_orca
9,65.0,0.931,0.276729407,0.0,Orcinus_orca
9,66.0,0.931,0.257635078,0.0,Orcinus_orca
9,67.0,0.931,0.239858258,0.0,Orcinus_orca
9,68.0,0.931,0.223308038,0.0,Orcinus_orca
9,69.0,0.931,0.207899783,0.0,Orcinus_orca
9,70.0,0.931,0.193554698,0.0,Orcinus_orca
9,71.0,0.931,0.180199424,0.0,Orcinus_orca
9,72.0,0.931,0.167765664,0.0,Orcinus_orca
9,73.0,0.931,0.156189833,0.0,Orcinus_orca
9,74.0,0.931,0.145412735,0.0,Orcinus_orca
9,75.0,0.931,0.135379256,0.0,Orcinus_orca
9,76.0,0.931,0.126038087,0.0,Orcinus_orca
9,77.0,0.931,0.117341459,0.0,Orcinus_orca
9,78.0,0.931,0.109244899,0.0,Orcinus_orca
9,79.0,0.931,0.101707001,0.0,Orcinus_orca
9,80.0,0.931,0.094689218,0.0,Orcinus_orca
9,81.0,0.931,0.088155661,0.0,Orcinus_orca
9,82.0,0.931,0.082072921,0.0,Orcinus_orca
9,83.0,0.931,0.076409889,0.0,Orcinus_orca
9,84.0,0.931,0.071137607,0.0,Orcinus_orca
9,85.0,0.931,0.066229112,0.0,Orcinus_orca
9,86.0,0.931,0.061659303,0.0,Orcinus_orca
9,87.0,0.931,0.057404811,0.0,Orcinus_orca
9,88.0,0.931,0.053443879,0.0,Orcinus_orca
9,89.0,0.931,0.049756252,0.0,Orcinus_orca
9,90.0,0,0.04632307,0.0,Orcinus_orca
10,0.0,0.5,1.0,0.0,Propithecus_diadema
10,1.0,0.8,0.5,0.0,Propithecus_diadema
10,2.0,0.71425,0.4,0.0,Propithecus_diadema
10,3.0,0.83339167,0.2857,0.0,Propithecus_diadema
10,4.0,0.833263335,0.2381,0.1667,Propithecus_diadema
10,5.0,1,0.1984,0.0,Propithecus_diadema
10,6.0,1,0.1984,0.3571,Propithecus_diadema
10,7.0,1,0.1984,0.1429,Propithecus_diadema
10,8.0,1,0.1984,0.2857,Propithecus_diadema
10,9.0,0.857358871,0.1984,0.3571,Propithecus_diadema
10,10.0,0.800117578,0.1701,0.3,Propithecus_diadema
10,11.0,0.749448935,0.1361,0.375,Propithecus_diadema
10,12.0,0.75,0.102,0.375,Propithecus_diadema
10,13.0,1,0.0765,0.1667,Propithecus_diadema
10,14.0,0.666666667,0.0765,0.3333,Propithecus_diadema
10,15.0,1,0.051,0.25,Propithecus_diadema
10,16.0,1,0.051,0.25,Propithecus_diadema
10,17.0,1,0.051,0.5,Propithecus_diadema
10,18.0,1,0.051,0.5,Propithecus_diadema
10,19.0,0.5,0.051,0.0,Propithecus_diadema
10,20.0,0,0.0255,0.0,Propithecus_diadema
11,0.0,0.385756677,1.0,0.0,Urocitellus_beldingi
11,1.0,0.503968254,0.385756677,1.04,Urocitellus_beldingi
11,2.0,0.527559055,0.194409119,2.171,Urocitellus_beldingi
11,3.0,0.52238806,0.102562291,2.45,Urocitellus_beldingi
11,4.0,0.542857143,0.053577316,3.113,Urocitellus_beldingi
11,5.0,0.473684211,0.029084829,1.875,Urocitellus_beldingi
11,6.0,0.555555556,0.013777024,1.575,Urocitellus_beldingi
11,7.0,0.8,0.007653902,2.0,Urocitellus_beldingi
11,8.0,0.25,0.006123122,1.44,Urocitellus_beldingi
11,9.0,0,0.00153078,1.632,Urocitellus_beldingi
12,0.0,0.662,1.0,0.0,Urocitellus_armatus
12,0.25,0.708174113,0.662,0.0,Urocitellus_armatus
12,0.5,0.708174113,0.468811263,0.0,Urocitellus_armatus
12,0.75,0.869496461,0.332,1.29,Urocitellus_armatus
12,1.0,0.869496461,0.288672825,0.0,Urocitellus_armatus
12,1.25,0.752154939,0.251,0.0,Urocitellus_armatus
12,1.5,0.752154939,0.18879089,0.0,Urocitellus_armatus
12,1.75,0.855800424,0.142,2.08,Urocitellus_armatus
12,2.0,0.855800424,0.12152366,0.0,Urocitellus_armatus
12,2.25,0.76585799,0.104,0.0,Urocitellus_armatus
12,2.5,0.76585799,0.079649231,0.0,Urocitellus_armatus
12,2.75,0.807999102,0.061,2.08,Urocitellus_armatus
12,3.0,0.807999102,0.049287945,0.0,Urocitellus_armatus
12,3.25,0.807999102,0.039824616,0.0,Urocitellus_armatus
12,3.5,0.807999102,0.032178254,0.0,Urocitellus_armatus
12,3.75,0.806500859,0.026,2.08,Urocitellus_armatus
12,4.0,0.806500859,0.020969022,0.0,Urocitellus_armatus
12,4.25,0.806500859,0.016911535,0.0,Urocitellus_armatus
12,4.5,0.806500859,0.013639167,0.0,Urocitellus_armatus
12,4.75,1,0.011,2.08,Urocitellus_armatus
12,5.0,1,0.011,0.0,Urocitellus_armatus
12,5.25,0,0.011,0.0,Urocitellus_armatus
13,0.0,0.918367347,1.0,0.0,Rucervus_eldii
13,1.0,0.866666667,0.918367347,0.0,Rucervus_eldii
13,2.0,0.743589744,0.795918367,0.256,Rucervus_eldii
13,3.0,0.793103448,0.591836735,0.414,Rucervus_eldii
13,4.0,0.782608696,0.469387755,0.478,Rucervus_eldii
13,5.0,0.666666667,0.367346939,0.556,Rucervus_eldii
13,6.0,0.666666667,0.244897959,0.333,Rucervus_eldii
13,7.0,0.875,0.163265306,0.25,Rucervus_eldii
13,8.0,0.714285714,0.142857143,0.143,Rucervus_eldii
13,9.0,0.4,0.102040816,0.2,Rucervus_eldii
13,10.0,0.5,0.040816327,0.15,Rucervus_eldii
13,11.0,0,0.020408163,0.0,Rucervus_eldii
14,0.0,0.44,1.0,0.0,Alces_alces
14,1.0,0.885,0.44,0.0,Alces_alces
14,2.0,0.879,0.3894,0.05,Alces_alces
14,3.0,0.904,0.3422826,0.4,Alces_alces
14,4.0,0.898,0.30942347,0.5,Alces_alces
14,5.0,0.875,0.277862276,0.5,Alces_alces
14,6.0,0.925,0.243129492,0.65,Alces_alces
14,7.0,0.842,0.22489478,0.7,Alces_alces
14,8.0,0.897,0.189361405,0.75,Alces_alces
14,9.0,0.963,0.16985718,0.55,Alces_alces
14,10.0,0.844,0.163572464,0.75,Alces_alces
14,11.0,0.857,0.13805516,0.65,Alces_alces
14,12.0,0.708,0.118313272,0.75,Alces_alces
14,13.0,0.706,0.083765797,0.55,Alces_alces
14,14.0,0.5,0.059138652,0.6,Alces_alces
14,15.0,0.444,0.029569326,0.15,Alces_alces
14,16.0,0.75,0.013128781,0.0,Alces_alces
14,17.0,0.333,0.009846586,0.0,Alces_alces
14,18.0,0,0.003278913,0.0,Alces_alces
15,0.0,0.503,1.0,0.0,Capreolus_capreolus
15,1.0,0.912,0.503,0.0,Capreolus_capreolus
15,2.0,0.869,0.458736,0.668570037,Capreolus_capreolus
15,3.0,0.974,0.398641584,0.770788043,Capreolus_capreolus
15,4.0,1,0.388276903,0.764647468,Capreolus_capreolus
15,5.0,0.775,0.388276903,0.821442495,Capreolus_capreolus
15,6.0,0.863,0.3009146,0.862103175,Capreolus_capreolus
15,7.0,0.891,0.2596893,0.817822209,Capreolus_capreolus
15,8.0,0.675,0.231383166,0.869666048,Capreolus_capreolus
15,9.0,0.889,0.156183637,0.808184143,Capreolus_capreolus
15,10.0,1,0.138847253,0.775193798,Capreolus_capreolus
15,11.0,1,0.138847253,0.78515625,Capreolus_capreolus
15,12.0,0.471,0.138847253,0.63030303,Capreolus_capreolus
15,13.0,0.385,0.065397056,0.5,Capreolus_capreolus
15,14.0,1,0.025177867,0.25,Capreolus_capreolus
15,15.0,0,0.025177867,0.166666667,Capreolus_capreolus
16,0.0,0.614728801,1.0,0.0,Cervus_elaphus
16,1.0,0.8016,0.614728801,0.0,Cervus_elaphus
16,2.0,0.8695,0.492766607,0.0,Cervus_elaphus
16,3.0,0.9687,0.428460564,0.086,Cervus_elaphus
16,4.0,0.9582,0.415049749,0.202,Cervus_elaphus
16,5.0,0.9582,0.397700669,0.241,Cervus_elaphus
16,6.0,0.9582,0.381076781,0.209,Cervus_elaphus
16,7.0,0.9582,0.365147772,0.212,Cervus_elaphus
16,8.0,0.9478,0.349884595,0.215,Cervus_elaphus
16,9.0,0.953,0.331620619,0.219,Cervus_elaphus
16,10.0,0.9269,0.31603445,0.225,Cervus_elaphus
16,11.0,0.9112,0.292932332,0.206,Cervus_elaphus
16,12.0,0.8433,0.266919941,0.231,Cervus_elaphus
16,13.0,0.7807,0.225093586,0.249,Cervus_elaphus
16,14.0,0.7911,0.175730563,0.19,Cervus_elaphus
16,15.0,0.6815,0.139020448,0.142,Cervus_elaphus
16,16.0,0.718,0.094742435,0.082,Cervus_elaphus
16,17.0,0.6397,0.068025069,0.062,Cervus_elaphus
16,18.0,0.5875,0.043515636,0.078,Cervus_elaphus
16,19.0,0.4465,0.025565436,0.025,Cervus_elaphus
16,20.0,0,0.011414967,0.025,Cervus_elaphus
17,0.0,0.356201968,1.0,0.0,Dipodomys_spectabilis
17,1.0,0.45733039,0.356201968,0.575342466,Dipodomys_spectabilis
17,2.0,0.422791586,0.162901985,0.678082192,Dipodomys_spectabilis
17,3.0,0.247924729,0.068873589,0.561643836,Dipodomys_spectabilis
17,4.0,0.355744908,0.017075466,0.561643836,Dipodomys_spectabilis
17,5.0,0.666583322,0.00607451,0.5,Dipodomys_spectabilis
17,6.0,0,0.004049167,0.5,Dipodomys_spectabilis
18,0.0,1,1.0,0.0,Elephas_maximus
18,1.0,1,1.0,0.0,Elephas_maximus
18,2.0,0.846,1.0,0.0,Elephas_maximus
18,3.0,0.897163121,0.846,0.0,Elephas_maximus
18,4.0,0.92226614,0.759,0.0,Elephas_maximus
18,5.0,0.968571429,0.7,0.0,Elephas_maximus
18,6.0,0.95280236,0.678,0.003,Elephas_maximus
18,7.0,0.96749226,0.646,0.006,Elephas_maximus
18,8.0,0.9872,0.625,0.03,Elephas_maximus
18,9.0,0.978930308,0.617,0.0,Elephas_maximus
18,10.0,0.971854305,0.604,0.004,Elephas_maximus
18,11.0,0.989778535,0.587,0.0,Elephas_maximus
18,12.0,0.987951807,0.581,0.0,Elephas_maximus
18,13.0,0.987804878,0.574,0.018,Elephas_maximus
18,14.0,0.985890653,0.567,0.009,Elephas_maximus
18,15.0,0.98568873,0.559,0.011,Elephas_maximus
18,16.0,0.983666062,0.551,0.014,Elephas_maximus
18,17.0,0.987084871,0.542,0.009,Elephas_maximus
18,18.0,0.986915888,0.535,0.027,Elephas_maximus
18,19.0,0.981060606,0.528,0.018,Elephas_maximus
18,20.0,0.986486486,0.518,0.031,Elephas_maximus
18,21.0,0.980430528,0.511,0.025,Elephas_maximus
18,22.0,0.992015968,0.501,0.027,Elephas_maximus
18,23.0,0.983903421,0.497,0.041,Elephas_maximus
18,24.0,0.989775051,0.489,0.03,Elephas_maximus
18,25.0,0.979338843,0.484,0.034,Elephas_maximus
18,26.0,0.987341772,0.474,0.036,Elephas_maximus
18,27.0,0.991452991,0.468,0.017,Elephas_maximus
18,28.0,0.976293103,0.464,0.035,Elephas_maximus
18,29.0,0.986754967,0.453,0.036,Elephas_maximus
18,30.0,0.973154362,0.447,0.036,Elephas_maximus
18,31.0,0.977011494,0.435,0.027,Elephas_maximus
18,32.0,0.976470588,0.425,0.038,Elephas_maximus
18,33.0,0.978313253,0.415,0.036,Elephas_maximus
18,34.0,0.975369458,0.406,0.03,Elephas_maximus
18,35.0,0.964646465,0.396,0.033,Elephas_maximus
18,36.0,0.968586387,0.382,0.033,Elephas_maximus
18,37.0,0.962162162,0.37,0.021,Elephas_maximus
18,38.0,0.97752809,0.356,0.025,Elephas_maximus
18,39.0,0.971264368,0.348,0.045,Elephas_maximus
18,40.0,0.967455621,0.338,0.036,Elephas_maximus
18,41.0,0.944954128,0.327,0.027,Elephas_maximus
18,42.0,0.977346278,0.309,0.03,Elephas_maximus
18,43.0,0.98013245,0.302,0.029,Elephas_maximus
18,44.0,0.962837838,0.296,0.031,Elephas_maximus
18,45.0,0.964912281,0.285,0.025,Elephas_maximus
18,46.0,0.970909091,0.275,0.032,Elephas_maximus
18,47.0,0.951310861,0.267,0.015,Elephas_maximus
18,48.0,0.948818898,0.254,0.027,Elephas_maximus
18,49.0,0.946058091,0.241,0.012,Elephas_maximus
18,50.0,0.929824561,0.228,0.026,Elephas_maximus
18,51.0,0.971698113,0.212,0.021,Elephas_maximus
18,52.0,0.975728155,0.206,0.023,Elephas_maximus
18,53.0,0.930348259,0.201,0.026,Elephas_maximus
18,54.0,0.946524064,0.187,0.02,Elephas_maximus
18,55.0,0.915254237,0.177,0.0,Elephas_maximus
18,56.0,0.888888889,0.162,0.028,Elephas_maximus
18,57.0,0.902777778,0.144,0.032,Elephas_maximus
18,58.0,0.884615385,0.13,0.019,Elephas_maximus
18,59.0,0.92173913,0.115,0.023,Elephas_maximus
18,60.0,0.952830189,0.106,0.029,Elephas_maximus
18,61.0,0.871287129,0.101,0.0,Elephas_maximus
18,62.0,0.965909091,0.088,0.0,Elephas_maximus
18,63.0,0.894117647,0.085,0.0,Elephas_maximus
18,64.0,0.828947368,0.076,0.0,Elephas_maximus
18,65.0,0.920634921,0.063,0.0,Elephas_maximus
18,66.0,0.931034483,0.058,0.0,Elephas_maximus
18,67.0,0.796296296,0.054,0.0,Elephas_maximus
18,68.0,0.88372093,0.043,0.0,Elephas_maximus
18,69.0,1,0.038,0.0,Elephas_maximus
18,70.0,0.842105263,0.038,0.0,Elephas_maximus
18,71.0,1,0.032,0.0,Elephas_maximus
18,72.0,0.59375,0.032,0.0,Elephas_maximus
18,73.0,1,0.019,0.0,Elephas_maximus
18,74.0,1,0.019,0.139,Elephas_maximus
18,75.0,1,0.019,0.139,Elephas_maximus
18,76.0,0.667,0.019,0.139,Elephas_maximus
18,77.0,0,0.012673,0.139,Elephas_maximus
19,0.0,0.41,1.0,0.0,Helogale_parvula
19,1.0,0.8,0.41,0.0,Helogale_parvula
19,2.0,0.769,0.328,0.21,Helogale_parvula
19,3.0,0.723,0.252232,0.39,Helogale_parvula
19,4.0,0.778,0.182363736,0.95,Helogale_parvula
19,5.0,0.6,0.141878987,1.32,Helogale_parvula
19,6.0,0.667,0.085127392,1.48,Helogale_parvula
19,7.0,0.545,0.05677997,2.45,Helogale_parvula
19,8.0,0.667,0.030945084,3.78,Helogale_parvula
19,9.0,0.667,0.020640371,2.56,Helogale_parvula
19,10.0,0.333,0.013767127,4.07,Helogale_parvula
19,11.0,1,0.004584453,3.76,Helogale_parvula
19,12.0,0.5,0.004584453,3.0,Helogale_parvula
19,13.0,1,0.002292227,2.0,Helogale_parvula
19,14.0,0,0.002292227,0.0,Helogale_parvula
20,0.0,0.946,1.0,0.0,Loxodonta_africana
20,1.0,0.942917548,0.946,0.0,Loxodonta_africana
20,2.0,0.91367713,0.892,0.0,Loxodonta_africana
20,3.0,0.934969325,0.815,0.0,Loxodonta_africana
20,4.0,0.956692913,0.762,0.0,Loxodonta_africana
20,5.0,0.983539095,0.729,0.0,Loxodonta_africana
20,6.0,0.984658298,0.717,0.0,Loxodonta_africana
20,7.0,0.995750708,0.706,0.0,Loxodonta_africana
20,8.0,1,0.703,0.025123659,Loxodonta_africana
20,9.0,0.992887624,0.703,0.080987419,Loxodonta_africana
20,10.0,0.975644699,0.698,0.103541923,Loxodonta_africana
20,11.0,0.994126285,0.681,0.127223618,Loxodonta_africana
20,12.0,0.985228951,0.677,0.135086602,Loxodonta_africana
20,13.0,0.977511244,0.667,0.109684522,Loxodonta_africana
20,14.0,0.944785276,0.652,0.099324643,Loxodonta_africana
20,15.0,0.957792208,0.616,0.083195479,Loxodonta_africana
20,16.0,0.961016949,0.59,0.076673624,Loxodonta_africana
20,17.0,0.968253968,0.567,0.109339164,Loxodonta_africana
20,18.0,0.93442623,0.549,0.11223983,Loxodonta_africana
20,19.0,0.910331384,0.513,0.10495871,Loxodonta_africana
20,20.0,0.972162741,0.467,0.054616607,Loxodonta_africana
20,21.0,0.933920705,0.454,0.075618713,Loxodonta_africana
20,22.0,0.926886792,0.424,0.118348152,Loxodonta_africana
20,23.0,0.905852417,0.393,0.144993151,Loxodonta_africana
20,24.0,1,0.356,0.082508465,Loxodonta_africana
20,25.0,0.974719101,0.356,0.069644412,Loxodonta_africana
20,26.0,0.942363112,0.347,0.106732095,Loxodonta_africana
20,27.0,1,0.327,0.093900392,Loxodonta_africana
20,28.0,0.975535168,0.327,0.049909931,Loxodonta_africana
20,29.0,0.918495298,0.319,0.065624936,Loxodonta_africana
20,30.0,1,0.293,0.109922658,Loxodonta_africana
20,31.0,0.976109215,0.293,0.121148264,Loxodonta_africana
20,32.0,0.975524476,0.286,0.079500234,Loxodonta_africana
20,33.0,0.953405018,0.279,0.130035187,Loxodonta_africana
20,34.0,0.932330827,0.266,0.179634273,Loxodonta_africana
20,35.0,0.97983871,0.248,0.183534179,Loxodonta_africana
20,36.0,0.893004115,0.243,0.149993136,Loxodonta_africana
20,37.0,1,0.217,0.123414859,Loxodonta_africana
20,38.0,0.976958525,0.217,0.124806643,Loxodonta_africana
20,39.0,0.844339623,0.212,0.110059135,Loxodonta_africana
20,40.0,0.944134078,0.179,0.109834826,Loxodonta_africana
20,41.0,0.940828402,0.169,0.068850268,Loxodonta_africana
20,42.0,0.937106918,0.159,0.202343454,Loxodonta_africana
20,43.0,0.88590604,0.149,0.177846617,Loxodonta_africana
20,44.0,0.901515152,0.132,0.105612167,Loxodonta_africana
20,45.0,1,0.119,0.109117779,Loxodonta_africana
20,46.0,0.915966387,0.119,0.093750456,Loxodonta_africana
20,47.0,0.95412844,0.109,0.112912002,Loxodonta_africana
20,48.0,0.951923077,0.104,0.080780975,Loxodonta_africana
20,49.0,1,0.099,0.05169516,Loxodonta_africana
20,50.0,0.848484848,0.099,0.053906979,Loxodonta_africana
20,51.0,0.69047619,0.084,0.018895671,Loxodonta_africana
20,52.0,0.810344828,0.058,0.0,Loxodonta_africana
20,53.0,0.893617021,0.047,0.066540622,Loxodonta_africana
20,54.0,0.714285714,0.042,0.0,Loxodonta_africana
20,55.0,1,0.03,0.0,Loxodonta_africana
20,56.0,0.4,0.03,0.0,Loxodonta_africana
20,57.0,1,0.012,0.0,Loxodonta_africana
20,58.0,1,0.012,0.0,Loxodonta_africana
20,59.0,1,0.012,0.0,Loxodonta_africana
20,60.0,1,0.012,0.0,Loxodonta_africana
20,61.0,1,0.012,0.0,Loxodonta_africana
20,62.0,0,0.012,0.0,Loxodonta_africana
21,0.0,0.75,1.0,0.0,Lycaon_pictus
21,1.0,0.84,0.75,0.0,Lycaon_pictus
21,2.0,0.79,0.63,0.07,Lycaon_pictus
21,3.0,0.75,0.4977,0.21,Lycaon_pictus
21,4.0,0.78,0.373275,0.44,Lycaon_pictus
21,5.0,0.46,0.2911545,0.84,Lycaon_pictus
21,6.0,0.69,0.13393107,3.0,Lycaon_pictus
21,7.0,0.22,0.092412438,1.61,Lycaon_pictus
21,8.0,1,0.020330736,2.5,Lycaon_pictus
21,9.0,1,0.020330736,2.0,Lycaon_pictus
21,10.0,0,0.020330736,0.0,Lycaon_pictus
22,0.0,0.771929825,1.0,0.0,Mandrillus_sphinx
22,1.0,0.738636364,0.771929825,0.0,Mandrillus_sphinx
22,2.0,0.892307692,0.570175439,0.0,Mandrillus_sphinx
22,3.0,0.827586207,0.50877193,0.261016949,Mandrillus_sphinx
22,4.0,0.729166667,0.421052632,0.261016949,Mandrillus_sphinx
22,5.0,0.8,0.307017544,0.372881356,Mandrillus_sphinx
22,6.0,0.857142857,0.245614035,0.359322034,Mandrillus_sphinx
22,7.0,0.875,0.210526316,0.311864407,Mandrillus_sphinx
22,8.0,0.80952381,0.184210526,0.427118644,Mandrillus_sphinx
22,9.0,0.941176471,0.149122807,0.366101695,Mandrillus_sphinx
22,10.0,0.9375,0.140350877,0.410169492,Mandrillus_sphinx
22,11.0,0.866666667,0.131578947,0.433898305,Mandrillus_sphinx
22,12.0,1,0.114035088,0.247457627,Mandrillus_sphinx
22,13.0,1,0.114035088,0.427118644,Mandrillus_sphinx
22,14.0,0.846153846,0.114035088,0.427118644,Mandrillus_sphinx
22,15.0,0.727272727,0.096491228,0.379661017,Mandrillus_sphinx
22,16.0,0.875,0.070175439,0.379661017,Mandrillus_sphinx
22,17.0,1,0.061403509,0.359322034,Mandrillus_sphinx
22,18.0,0.857142857,0.061403509,0.430508475,Mandrillus_sphinx
22,19.0,0.833333333,0.052631579,0.413559322,Mandrillus_sphinx
22,20.0,0.8,0.043859649,0.098305085,Mandrillus_sphinx
22,21.0,1,0.035087719,0.379661017,Mandrillus_sphinx
22,22.0,1,0.035087719,0.379661017,Mandrillus_sphinx
22,23.0,0.25,0.035087719,0.247457627,Mandrillus_sphinx
22,24.0,0,0.00877193,0.0,Mandrillus_sphinx
23,0.0,0.543337646,1.0,0.0,Marmota_flaviventris
23,1.0,0.495238095,0.543337646,0.0,Marmota_flaviventris
23,2.0,0.668269231,0.269081501,0.457,Marmota_flaviventris
23,3.0,0.762589928,0.179818887,0.734,Marmota_flaviventris
23,4.0,0.632075472,0.137128072,1.0,Marmota_flaviventris
23,5.0,0.656716418,0.086675291,1.122,Marmota_flaviventris
23,6.0,0.704545455,0.056921087,1.02,Marmota_flaviventris
23,7.0,0.709677419,0.040103493,1.093,Marmota_flaviventris
23,8.0,0.545454545,0.028460543,1.68,Marmota_flaviventris
23,9.0,0.583333333,0.015523933,1.336,Marmota_flaviventris
23,10.0,0.428571429,0.009055627,1.286,Marmota_flaviventris
23,11.0,0.666666667,0.003880983,0.0,Marmota_flaviventris
23,12.0,1,0.002587322,0.0,Marmota_flaviventris
23,13.0,1,0.002587322,0.0,Marmota_flaviventris
23,14.0,0.5,0.002587322,0.0,Marmota_flaviventris
23,15.0,0,0.001293661,0.0,Marmota_flaviventris
24,0.0,0.640518417,1.0,0.0,Marmota_marmota
24,1.0,0.80627558,0.640518417,0.0,Marmota_marmota
24,2.0,0.998394236,0.516434358,0.0,Marmota_marmota
24,3.0,0.83331839,0.515605086,1.859584708,Marmota_marmota
24,4.0,0.743195879,0.4296632,1.859584708,Marmota_marmota
24,5.0,0.83365666,0.31932392,1.859584708,Marmota_marmota
24,6.0,0.85597434,0.266206512,1.859584708,Marmota_marmota
24,7.0,0.839109738,0.227865944,1.859584708,Marmota_marmota
24,8.0,0.871648884,0.191204532,1.859584708,Marmota_marmota
24,9.0,0.594136922,0.166663217,1.859584708,Marmota_marmota
24,10.0,0.800436898,0.099020771,1.859584708,Marmota_marmota
24,11.0,0.737575703,0.079259879,1.624073869,Marmota_marmota
24,12.0,0.315259653,0.058460161,1.418389774,Marmota_marmota
24,13.0,0.480677845,0.01843013,1.238754953,Marmota_marmota
24,14.0,1,0.008858955,1.081870345,Marmota_marmota
24,15.0,1,0.008858955,0.944854703,Marmota_marmota
24,16.0,0,0.008858955,0.944854703,Marmota_marmota
25,0.0,0.5533643,1.0,0.0,Mirounga_angustirostris
25,1.0,0.7563805,0.5533643,0.0,Mirounga_angustirostris
25,2.0,0.736891,0.418553966,0.0,Mirounga_angustirostris
25,3.0,0.7726218,0.30842865,0.18,Mirounga_angustirostris
25,4.0,0.8960557,0.238298699,0.428456015,Mirounga_angustirostris
25,5.0,0.8359629,0.213528908,0.441741472,Mirounga_angustirostris
25,6.0,0.8424594,0.178502245,0.446588869,Mirounga_angustirostris
25,7.0,0.7774942,0.150380894,0.455206463,Mirounga_angustirostris
25,8.0,0.8294664,0.116920273,0.445332137,Mirounga_angustirostris
25,9.0,0.7807425,0.096981438,0.463285458,Mirounga_angustirostris
25,10.0,0.8781903,0.07571753,0.456283663,Mirounga_angustirostris
25,11.0,0.85058,0.066494401,0.462208259,Mirounga_angustirostris
25,12.0,0.7060325,0.056558807,0.467055656,Mirounga_angustirostris
25,13.0,0.8716937,0.039932356,0.45502693,Mirounga_angustirostris
25,14.0,0.8960557,0.034808783,0.443357271,Mirounga_angustirostris
25,15.0,0.912297,0.031190609,0.43599641,Mirounga_angustirostris
25,16.0,0.8148492,0.028455099,0.418581688,Mirounga_angustirostris
25,17.0,0.699536,0.023186614,0.463464991,Mirounga_angustirostris
25,18.0,0.8116009,0.016219871,0.43599641,Mirounga_angustirostris
25,19.0,0.3519722,0.013164062,0.441561939,Mirounga_angustirostris
25,20.0,0.6232019,0.004633384,0.441561939,Mirounga_angustirostris
25,21.0,0.4201856,0.002887534,0.441561939,Mirounga_angustirostris
25,22.0,0,0.0012133,0.441561939,Mirounga_angustirostris
26,0.0,0.463203463,1.0,0.0,Odocoileus_virginianus
26,1.0,0.82034632,0.463203463,0.0,Odocoileus_virginianus
26,2.0,0.822510823,0.379987257,0.65,Odocoileus_virginianus
26,3.0,0.794372294,0.312543631,1.0,Odocoileus_virginianus
26,4.0,0.854978355,0.248276001,0.75,Odocoileus_virginianus
26,5.0,0.850649351,0.212270607,0.9,Odocoileus_virginianus
26,6.0,0.837662338,0.180567854,0.95,Odocoileus_virginianus
26,7.0,0.742424242,0.151254891,0.9,Odocoileus_virginianus
26,8.0,0.774891775,0.112295298,0.85,Odocoileus_virginianus
26,9.0,0.751082251,0.087016703,0.9,Odocoileus_virginianus
26,10.0,0.727272727,0.065356701,0.95,Odocoileus_virginianus
26,11.0,0.62987013,0.047532146,0.95,Odocoileus_virginianus
26,12.0,0.582251082,0.029939079,0.85,Odocoileus_virginianus
26,13.0,0.571428571,0.017432061,1.1,Odocoileus_virginianus
26,14.0,0.502164502,0.009961178,0.9,Odocoileus_virginianus
26,15.0,0.595238095,0.00500215,0.8,Odocoileus_virginianus
26,16.0,0.231601732,0.00297747,0.9,Odocoileus_virginianus
26,17.0,0,0.000689587,0.9,Odocoileus_virginianus
27,0.0,0.603,1.0,0.0,Oreamnos_americanus
27,1.0,0.872733437,0.603,0.0,Oreamnos_americanus
27,2.0,0.90045433,0.526258263,0.0,Oreamnos_americanus
27,3.0,0.906991252,0.473871531,0.021066451,Oreamnos_americanus
27,4.0,0.989448701,0.429797333,0.247909513,Oreamnos_americanus
27,5.0,0.956045297,0.425262413,0.338355888,Oreamnos_americanus
27,6.0,0.95215298,0.40657013,0.369723288,Oreamnos_americanus
27,7.0,0.965077643,0.387116961,0.367764088,Oreamnos_americanus
27,8.0,0.916959382,0.373597924,0.394566754,Oreamnos_americanus
27,9.0,1.003.539.703,0.342574122,0.422904464,Oreamnos_americanus
27,10.0,0.860744558,0.343786732,0.4088265,Oreamnos_americanus
27,11.0,0.802034312,0.295912559,0.41137144,Oreamnos_americanus
27,12.0,0.884491761,0.237332026,0.394263785,Oreamnos_americanus
27,13.0,0.785841188,0.209918221,0.363522521,Oreamnos_americanus
27,14.0,0.558717027,0.164962384,0.322177338,Oreamnos_americanus
27,15.0,0.750647589,0.092167293,0.0,Oreamnos_americanus
27,16.0,0.666874619,0.069185156,0.0,Oreamnos_americanus
27,17.0,0.666874619,0.046137825,0.0,Oreamnos_americanus
27,18.0,0,0.030768144,0.0,Oreamnos_americanus
28,0.0,0.6,1.0,0.0,Ovis_canadensis
28,1.0,0.811,0.6,0.0,Ovis_canadensis
28,2.0,0.954,0.4866,0.087167948,Ovis_canadensis
28,3.0,0.949,0.4642164,0.332854734,Ovis_canadensis
28,4.0,0.935,0.440541364,0.397278196,Ovis_canadensis
28,5.0,0.955,0.411906175,0.447706379,Ovis_canadensis
28,6.0,0.893,0.393370397,0.471539606,Ovis_canadensis
28,7.0,0.903,0.351279765,0.460380545,Ovis_canadensis
28,8.0,0.829,0.317205627,0.455520914,Ovis_canadensis
28,9.0,0.793,0.262963465,0.472356502,Ovis_canadensis
28,10.0,0.8,0.208530028,0.471696764,Ovis_canadensis
28,11.0,0.824,0.166824022,0.437441157,Ovis_canadensis
28,12.0,0.714,0.137462994,0.48437093,Ovis_canadensis
28,13.0,0.768,0.098148578,0.434718716,Ovis_canadensis
28,14.0,0.476,0.075378108,0.383319752,Ovis_canadensis
28,15.0,0.6,0.035879979,0.317923873,Ovis_canadensis
28,16.0,0.668,0.021527988,0.214385173,Ovis_canadensis
28,17.0,0.249,0.014380696,0.100349605,Ovis_canadensis
28,18.0,1,0.003580793,0.0,Ovis_canadensis
28,19.0,0,0.003580793,0.0,Ovis_canadensis
29,0.0,0.473940354,1.0,0.0,Panthera_leo
29,1.0,0.765890082,0.473940354,0.0,Panthera_leo
29,2.0,0.895168942,0.362986217,0.021543254,Panthera_leo
29,3.0,0.933611285,0.324933988,0.32790159,Panthera_leo
29,4.0,0.938025415,0.303362038,0.520299811,Panthera_leo
29,5.0,0.93138848,0.284561302,0.49047581,Panthera_leo
29,6.0,0.922601862,0.265037118,0.427885614,Panthera_leo
29,7.0,0.911747863,0.244523739,0.459315174,Panthera_leo
29,8.0,0.894666534,0.222943996,0.477921559,Panthera_leo
29,9.0,0.871674081,0.199460533,0.41248236,Panthera_leo
29,10.0,0.843296693,0.173864576,0.536507176,Panthera_leo
29,11.0,0.806299416,0.146619422,0.421210427,Panthera_leo
29,12.0,0.758342921,0.118219155,0.295939505,Panthera_leo
29,13.0,0.69990779,0.089650659,0.415688154,Panthera_leo
29,14.0,0.631074382,0.062747195,0.185009452,Panthera_leo
29,15.0,0.548356339,0.039598147,0.061165695,Panthera_leo
29,16.0,0.45371808,0.021713895,0.205130868,Panthera_leo
29,17.0,0.404455618,0.009851987,0.0,Panthera_leo
29,18.0,0,0.003984691,0.0,Panthera_leo
30,0.0,0.45267959,1.0,0.0,Panthera_pardus
30,1.0,0.972292191,0.45267959,0.0,Panthera_pardus
30,2.0,0.935233161,0.44013683,0.0,Panthera_pardus
30,3.0,0.91966759,0.411630559,0.140053656,Panthera_pardus
30,4.0,0.930722892,0.378563284,0.605840815,Panthera_pardus
30,5.0,0.944983819,0.352337514,0.404564868,Panthera_pardus
30,6.0,0.931506849,0.33295325,0.587719329,Panthera_pardus
30,7.0,1,0.310148233,0.550514249,Panthera_pardus
30,8.0,1,0.310148233,0.743248377,Panthera_pardus
30,9.0,1,0.310148233,0.436581899,Panthera_pardus
30,10.0,1,0.310148233,0.477220039,Panthera_pardus
30,11.0,1,0.310148233,0.727440448,Panthera_pardus
30,12.0,0.930147059,0.310148233,0.44832128,Panthera_pardus
30,13.0,1,0.288483466,0.30452688,Panthera_pardus
30,14.0,1,0.288483466,0.364326719,Panthera_pardus
30,15.0,0.897233202,0.288483466,0.39418522,Panthera_pardus
30,16.0,0.251101322,0.258836944,0.309074707,Panthera_pardus
30,17.0,0.50877193,0.064994299,0.0,Panthera_pardus
30,18.0,0,0.033067275,0.0,Panthera_pardus
31,0.0,0.731182796,1.0,0.0,Rupicapra_rupicapra
31,1.0,0.759856631,0.731182796,0.0,Rupicapra_rupicapra
31,2.0,0.967741935,0.555594096,0.032934132,Rupicapra_rupicapra
31,3.0,0.878136201,0.537671705,0.187125749,Rupicapra_rupicapra
31,4.0,0.965949821,0.472148989,0.277694611,Rupicapra_rupicapra
31,5.0,1,0.456072231,0.354790419,Rupicapra_rupicapra
31,6.0,0.944444444,0.456072231,0.297155689,Rupicapra_rupicapra
31,7.0,1,0.430734885,0.273203593,Rupicapra_rupicapra
31,8.0,0.964157706,0.430734885,0.308383234,Rupicapra_rupicapra
31,9.0,0.976702509,0.415296358,0.318113772,Rupicapra_rupicapra
31,10.0,0.946236559,0.405620995,0.288922156,Rupicapra_rupicapra
31,11.0,1,0.383813415,0.290419162,Rupicapra_rupicapra
31,12.0,0.908602151,0.383813415,0.276946108,Rupicapra_rupicapra
31,13.0,0.922939068,0.348733694,0.26497006,Rupicapra_rupicapra
31,14.0,0.693548387,0.321859951,0.211826347,Rupicapra_rupicapra
31,15.0,0.901433692,0.22322545,0.25,Rupicapra_rupicapra
31,16.0,0.784946237,0.201222941,0.142964072,Rupicapra_rupicapra
31,17.0,0.836917563,0.15794919,0.093562874,Rupicapra_rupicapra
31,18.0,1,0.132190451,0.181137725,Rupicapra_rupicapra
31,19.0,0.663082437,0.132190451,0.0,Rupicapra_rupicapra
31,20.0,0.344086022,0.087653167,0.099550898,Rupicapra_rupicapra
31,21.0,1,0.030160229,0.0,Rupicapra_rupicapra
31,22.0,0.385304659,0.030160229,0.0,Rupicapra_rupicapra
31,23.0,1,0.011620877,0.0,Rupicapra_rupicapra
31,24.0,1,0.011620877,0.0,Rupicapra_rupicapra
31,25.0,1,0.011620877,0.0,Rupicapra_rupicapra
31,26.0,0,0.011620877,0.0,Rupicapra_rupicapra
32,0.0,0.673469388,1.0,0.0,Tamiasciurus_hudsonicus
32,1.0,0.515151515,0.673469388,0.857,Tamiasciurus_hudsonicus
32,2.0,0.529411765,0.346938776,0.95,Tamiasciurus_hudsonicus
32,3.0,0.333333333,0.183673469,0.971,Tamiasciurus_hudsonicus
32,4.0,0,0.06122449,0.5,Tamiasciurus_hudsonicus
33,0.0,0.434285714,1.0,0.0,Enhydra_lutris
33,1.0,0.951059908,0.434285714,0.0,Enhydra_lutris
33,2.0,0.944423963,0.413031731,0.184683136,Enhydra_lutris
33,3.0,0.936958525,0.390077065,0.184683136,Enhydra_lutris
33,4.0,0.926175115,0.365486031,0.410887299,Enhydra_lutris
33,5.0,0.916221198,0.338504067,0.410887299,Enhydra_lutris
33,6.0,0.902949309,0.310144602,0.410887299,Enhydra_lutris
33,7.0,0.884700461,0.280044854,0.455011064,Enhydra_lutris
33,8.0,0.866451613,0.247755811,0.455011064,Enhydra_lutris
33,9.0,0.842396313,0.214668422,0.455011064,Enhydra_lutris
33,10.0,0.814193548,0.180835888,0.410501655,Enhydra_lutris
33,11.0,0.782672811,0.147235413,0.410501655,Enhydra_lutris
33,12.0,0.745345622,0.115237155,0.410501655,Enhydra_lutris
33,13.0,0.702211982,0.085891509,0.395857286,Enhydra_lutris
33,14.0,0.654101382,0.060314046,0.395857286,Enhydra_lutris
33,15.0,0.596866359,0.039451501,0.395857286,Enhydra_lutris
33,16.0,0.535483871,0.023547274,0.395857286,Enhydra_lutris
33,17.0,0.469124424,0.012609185,0.395857286,Enhydra_lutris
33,18.0,0.401105991,0.005915277,0.395857286,Enhydra_lutris
33,19.0,0.329769585,0.002372653,0.395857286,Enhydra_lutris
33,20.0,0,0.000782429,0.395857286,Enhydra_lutris
34,0.0,0.71,1.0,0.0,Otaria_byronia
34,1.0,0.88,0.71,0.0,Otaria_byronia
34,2.0,0.914,0.6248,0.0,Otaria_byronia
34,3.0,0.94,0.5710672,0.0,Otaria_byronia
34,4.0,0.964,0.536803168,0.099,Otaria_byronia
34,5.0,0.976,0.517478254,0.171,Otaria_byronia
34,6.0,0.986,0.505058776,0.248,Otaria_byronia
34,7.0,0.99,0.497987953,0.323,Otaria_byronia
34,8.0,0.985,0.493008073,0.389,Otaria_byronia
34,9.0,0.975,0.485612952,0.441,Otaria_byronia
34,10.0,0.959,0.473472629,0.47,Otaria_byronia
34,11.0,0.935,0.454060251,0.47,Otaria_byronia
34,12.0,0.908,0.424546334,0.433,Otaria_byronia
34,13.0,0.873,0.385488072,0.354,Otaria_byronia
34,14.0,0.841,0.336531087,0.177,Otaria_byronia
34,15.0,0.802,0.283022644,0.177,Otaria_byronia
34,16.0,0.753,0.22698416,0.177,Otaria_byronia
34,17.0,0.714,0.170919073,0.177,Otaria_byronia
34,18.0,0.66,0.122036218,0.177,Otaria_byronia
34,19.0,0.606,0.080543904,0.177,Otaria_byronia
34,20.0,0.55,0.048809606,0.177,Otaria_byronia
34,21.0,0.545,0.026845283,0.177,Otaria_byronia
34,22.0,0,0.014630679,0.0,Otaria_byronia
35,0.0,0.873786408,1.0,0.0,Trichosurus_vulpecula
35,1.0,0.888888889,0.873786408,0.041,Trichosurus_vulpecula
35,2.0,0.95,0.776699029,0.318,Trichosurus_vulpecula
35,3.0,0.960526316,0.737864078,0.425,Trichosurus_vulpecula
35,4.0,0.835616438,0.708737864,0.453,Trichosurus_vulpecula
35,5.0,0.803278689,0.59223301,0.3595,Trichosurus_vulpecula
35,6.0,0.897959184,0.475728155,0.5,Trichosurus_vulpecula
35,7.0,0.795454545,0.427184466,0.4585,Trichosurus_vulpecula
35,8.0,0.8,0.339805825,0.375,Trichosurus_vulpecula
35,9.0,0.821428571,0.27184466,0.5,Trichosurus_vulpecula
35,10.0,0.695652174,0.223300971,0.5,Trichosurus_vulpecula
35,11.0,0.5625,0.155339806,0.5,Trichosurus_vulpecula
35,12.0,0.555555556,0.087378641,0.5,Trichosurus_vulpecula
35,13.0,0,0.048543689,0.5,Trichosurus_vulpecula
36,0.0,0.840896415,1.0,0.0,Arctocephalus_tropicalis
36,1.0,0.840896415,0.840896415,0.0,Arctocephalus_tropicalis
36,2.0,0.840896415,0.707106781,0.0,Arctocephalus_tropicalis
36,3.0,0.840896415,0.594603558,0.0,Arctocephalus_tropicalis
36,4.0,0.938398357,0.5,0.0,Arctocephalus_tropicalis
36,5.0,0.93654267,0.469199179,0.006131755,Arctocephalus_tropicalis
36,6.0,0.950934579,0.439425051,0.01483731,Arctocephalus_tropicalis
36,7.0,0.965601966,0.417864476,0.066927285,Arctocephalus_tropicalis
36,8.0,0.961832061,0.40349076,0.144179949,Arctocephalus_tropicalis
36,9.0,0.968253968,0.388090349,0.152017354,Arctocephalus_tropicalis
36,10.0,0.964480874,0.375770021,0.153348109,Arctocephalus_tropicalis
36,11.0,0.88101983,0.362422998,0.15684759,Arctocephalus_tropicalis
36,12.0,0.794212219,0.319301848,0.180304159,Arctocephalus_tropicalis
36,13.0,0.744939271,0.253593429,0.164280864,Arctocephalus_tropicalis
36,14.0,0.766304348,0.188911704,0.100101386,Arctocephalus_tropicalis
36,15.0,0.716312057,0.14476386,0.118785721,Arctocephalus_tropicalis
36,16.0,0.673267327,0.103696099,0.062849194,Arctocephalus_tropicalis
36,17.0,0.691176471,0.069815195,0.0,Arctocephalus_tropicalis
36,18.0,0.659574468,0.04825462,0.0,Arctocephalus_tropicalis
36,19.0,0,0.031827515,0.0,Arctocephalus_tropicalis
37,0.0,0.549567872,1.0,0.085,Ovis aries
37,1.0,0.795842188,0.549567872,0.31,Ovis aries
37,2.0,0.888705973,0.437369298,0.31,Ovis aries
37,3.0,0.906745758,0.388692707,0.36,Ovis aries
37,4.0,0.923371646,0.352445463,0.38,Ovis aries
37,5.0,0.933882081,0.325438148,0.365,Ovis aries
37,6.0,0.91897881,0.303920855,0.39,Ovis aries
37,7.0,0.809959722,0.279296825,0.365,Ovis aries
37,8.0,0.715058166,0.226219179,0.265,Ovis aries
37,9.0,0.696860805,0.161759871,0.28,Ovis aries
37,10.0,0.696860805,0.112724114,0.335,Ovis aries
37,11.0,0.696860805,0.078553017,0.0,Ovis aries
37,12.0,0.696860805,0.054740519,0.0,Ovis aries
37,13.0,0.696860805,0.038146522,0.0,Ovis aries
37,14.0,0.696860805,0.026582816,0.0,Ovis aries
37,15.0,0,0.018524523,0.0,Ovis aries
38,0.0,0.848122867,1.0,0.0,Equus_przewalskii
38,1.0,0.924914676,0.848122867,0.0,Equus_przewalskii
38,2.0,0.9778157,0.784441287,0.017,Equus_przewalskii
38,3.0,0.972696246,0.767039006,0.2915,Equus_przewalskii
38,4.0,0.981228669,0.746095962,0.311,Equus_przewalskii
38,5.0,0.953924915,0.732090747,0.405,Equus_przewalskii
38,6.0,0.970989761,0.698359604,0.3755,Equus_przewalskii
38,7.0,0.938566553,0.678100025,0.4005,Equus_przewalskii
38,8.0,0.955631399,0.636442003,0.4125,Equus_przewalskii
38,9.0,0.931740614,0.608203962,0.354,Equus_przewalskii
38,10.0,0.901023891,0.566688333,0.4085,Equus_przewalskii
38,11.0,0.948805461,0.510599726,0.344,Equus_przewalskii
38,12.0,1,0.484459809,0.417,Equus_przewalskii
38,13.0,0.889078498,0.484459809,0.5,Equus_przewalskii
38,14.0,0.953924915,0.430722799,0.2865,Equus_przewalskii
38,15.0,1,0.41087721,0.3005,Equus_przewalskii
38,16.0,1,0.41087721,0.167,Equus_przewalskii
38,17.0,0.752559727,0.41087721,0.167,Equus_przewalskii
38,18.0,1,0.309209641,0.167,Equus_przewalskii
38,19.0,1,0.309209641,0.167,Equus_przewalskii
38,20.0,0.750853242,0.309209641,0.167,Equus_przewalskii
38,21.0,0.83447099,0.232171061,0.167,Equus_przewalskii
38,22.0,0.800341297,0.193740015,0.167,Equus_przewalskii
38,23.0,0.998293515,0.155058135,0.167,Equus_przewalskii
38,24.0,0.5,0.154793531,0.167,Equus_przewalskii
38,25.0,0,0.077396765,0.167,Equus_przewalskii
39,0.0,0.862,1.0,0.0,Globicephala_melas
39,1.0,0.886310905,0.862,0.0,Globicephala_melas
39,2.0,0.905759162,0.764,0.0,Globicephala_melas
39,3.0,0.923410405,0.692,0.0,Globicephala_melas
39,4.0,0.935837246,0.639,0.0,Globicephala_melas
39,5.0,0.946488294,0.598,0.012335344,Globicephala_melas
39,6.0,0.955830389,0.566,0.031528273,Globicephala_melas
39,7.0,0.963031423,0.541,0.054257224,Globicephala_melas
39,8.0,0.967370441,0.521,0.116396473,Globicephala_melas
39,9.0,0.974206349,0.504,0.187994255,Globicephala_melas
39,10.0,0.975560081,0.491,0.260213521,Globicephala_melas
39,11.0,0.979123173,0.479,0.206523259,Globicephala_melas
39,12.0,0.980810235,0.468999999,0.184594928,Globicephala_melas
39,13.0,0.980434783,0.46,0.151449164,Globicephala_melas
39,14.0,0.982261641,0.451,0.144887459,Globicephala_melas
39,15.0,0.984198646,0.443,0.110551791,Globicephala_melas
39,16.0,0.981651376,0.436,0.147729901,Globicephala_melas
39,17.0,0.981308411,0.428,0.142488245,Globicephala_melas
39,18.0,0.980952381,0.42,0.18513451,Globicephala_melas
39,19.0,0.980582524,0.412,0.227780776,Globicephala_melas
39,20.0,0.977722772,0.404,0.134789563,Globicephala_melas
39,21.0,0.97721519,0.395,0.129557543,Globicephala_melas
39,22.0,0.974093264,0.386,0.160236646,Globicephala_melas
39,23.0,0.973404255,0.376,0.156324675,Globicephala_melas
39,24.0,0.967213115,0.366,0.137786172,Globicephala_melas
39,25.0,0.966101695,0.354,0.04347491,Globicephala_melas
39,26.0,0.961988304,0.342,0.145956988,Globicephala_melas
39,27.0,0.957446809,0.329,0.047637401,Globicephala_melas
39,28.0,0.952380952,0.315,0.150119479,Globicephala_melas
39,29.0,0.95,0.3,0.054459262,Globicephala_melas
39,30.0,0.940350877,0.285,0.086458414,Globicephala_melas
39,31.0,0.936567164,0.268,0.115807832,Globicephala_melas
39,32.0,0.928286853,0.251,0.206322747,Globicephala_melas
39,33.0,0.922746781,0.233,0.118650274,Globicephala_melas
39,34.0,0.911627907,0.215,0.049583751,Globicephala_melas
39,35.0,0.903061224,0.196,0.0,Globicephala_melas
39,36.0,0.892655367,0.177,0.133546597,Globicephala_melas
39,37.0,0.879746835,0.158,0.178852232,Globicephala_melas
39,38.0,0.863309353,0.139,0.093839128,Globicephala_melas
39,39.0,0.858333333,0.12,0.0,Globicephala_melas
39,40.0,0.834951456,0.103,0.0,Globicephala_melas
39,41.0,0.825581395,0.086,0.060857165,Globicephala_melas
39,42.0,0.802816901,0.071,0.001098435,Globicephala_melas
39,43.0,0.771929825,0.057,0.0,Globicephala_melas
39,44.0,0.772727273,0.044,0.0,Globicephala_melas
39,45.0,0.735294118,0.034,0.0,Globicephala_melas
39,46.0,0.72,0.025,0.000115625,Globicephala_melas
39,47.0,0.666666667,0.018,0.000211979,Globicephala_melas
39,48.0,0.666666667,0.012,0.000298698,Globicephala_melas
39,49.0,0.625,0.008,0.000385416,Globicephala_melas
39,50.0,0,0.005,0.0,Globicephala_melas
40,0.0,0.484848485,1.0,0.0,Marmota_baibacina
40,1.0,0.895833333,0.484848485,0.0,Marmota_baibacina
40,2.0,0.976744186,0.434343434,0.0,Marmota_baibacina
40,3.0,0.904761905,0.424242424,0.7582,Marmota_baibacina
40,4.0,0.947368421,0.383838384,1.2644,Marmota_baibacina
40,5.0,0.777777778,0.363636364,1.481,Marmota_baibacina
40,6.0,0.821428571,0.282828283,2.1109,Marmota_baibacina
40,7.0,0.826086957,0.232323232,2.5108,Marmota_baibacina
40,8.0,0.368421053,0.191919192,2.0587,Marmota_baibacina
40,9.0,0.714285714,0.070707071,3.889,Marmota_baibacina
40,10.0,0.4,0.050505051,1.0,Marmota_baibacina
40,11.0,0,0.02020202,5.5,Marmota_baibacina
41,0.0,0.303,1.0,0.0,Vulpes_vulpes
41,1.0,0.333,0.303,1.3615,Vulpes_vulpes
41,2.0,0.525,0.100899,1.9558,Vulpes_vulpes
41,3.0,0.623,0.052971975,2.44245,Vulpes_vulpes
41,4.0,0.697,0.03300154,2.9,Vulpes_vulpes
41,5.0,0.739,0.023002074,3.5,Vulpes_vulpes
41,6.0,0.765,0.016998532,2.15,Vulpes_vulpes
41,7.0,0.769,0.013003877,2.15,Vulpes_vulpes
41,8.0,0.8,0.009999982,2.15,Vulpes_vulpes
41,9.0,0.875,0.007999985,2.15,Vulpes_vulpes
41,10.0,0.857,0.006999987,2.15,Vulpes_vulpes
41,11.0,0,0.005998989,2.15,Vulpes_vulpes
42,0.0,0.692307692,1.0,0.095068866,Suricata_suricatta
42,1.0,0.569023569,0.692307692,0.481832376,Suricata_suricatta
42,2.0,0.301775148,0.393939394,0.662313097,Suricata_suricatta
42,3.0,0.470588235,0.118881119,1.360001378,Suricata_suricatta
42,4.0,0.583333333,0.055944056,1.847336066,Suricata_suricatta
42,5.0,0.785714286,0.032634033,2.293911007,Suricata_suricatta
42,6.0,0.727272727,0.025641026,1.240046839,Suricata_suricatta
42,7.0,0.625,0.018648019,0.955503513,Suricata_suricatta
42,8.0,0.6,0.011655012,1.514051522,Suricata_suricatta
42,9.0,0.666666667,0.006993007,0.288056206,Suricata_suricatta
42,10.0,0.5,0.004662005,0.001756441,Suricata_suricatta
42,11.0,1,0.002331002,0.890515223,Suricata_suricatta
42,12.0,0,0.002331002,0.851873537,Suricata_suricatta
43,0.0,0.7403,1.0,0.0,Lemur_catta
43,1.0,0.807,0.7403,0.0,Lemur_catta
43,2.0,0.8696,0.5974221,0.0435,Lemur_catta
43,3.0,0.925,0.519518258,0.2875,Lemur_catta
43,4.0,0.8919,0.480554389,0.401,Lemur_catta
43,5.0,0.9394,0.428606459,0.401,Lemur_catta
43,6.0,0.9032,0.402632908,0.401,Lemur_catta
43,7.0,0.8571,0.363658042,0.401,Lemur_catta
43,8.0,0.8333,0.311691308,0.401,Lemur_catta
43,9.0,0.95,0.259732367,0.401,Lemur_catta
43,10.0,0.7895,0.246745749,0.401,Lemur_catta
43,11.0,0.8,0.194805769,0.401,Lemur_catta
43,12.0,0.5,0.155844615,0.36,Lemur_catta
43,13.0,0.5,0.077922307,0.36,Lemur_catta
43,14.0,0.667,0.038961154,0.36,Lemur_catta
43,15.0,0.5,0.02598709,0.36,Lemur_catta
43,16.0,1,0.012993545,0.36,Lemur_catta
43,17.0,0,0.012993545,0.36,Lemur_catta
44,0.0,0.868,1.0,0.0,Theropithecus_gelada
44,1.0,0.922,0.868,0.0,Theropithecus_gelada
44,2.0,0.92,0.800296,0.0,Theropithecus_gelada
44,3.0,0.937,0.73627232,0.0,Theropithecus_gelada
44,4.0,0.975,0.689887164,0.005,Theropithecus_gelada
44,5.0,0.96,0.672639985,0.105,Theropithecus_gelada
44,6.0,0.943,0.645734385,0.19,Theropithecus_gelada
44,7.0,0.958,0.608927525,0.11,Theropithecus_gelada
44,8.0,0.908,0.583352569,0.155,Theropithecus_gelada
44,9.0,1,0.529684133,0.195,Theropithecus_gelada
44,10.0,0.965,0.529684133,0.18,Theropithecus_gelada
44,11.0,0.876,0.511145188,0.185,Theropithecus_gelada
44,12.0,0.933,0.447763185,0.13,Theropithecus_gelada
44,13.0,0.966,0.417763052,0.18,Theropithecus_gelada
44,14.0,0.882,0.403559108,0.195,Theropithecus_gelada
44,15.0,0.877,0.355939133,0.2,Theropithecus_gelada
44,16.0,0.875,0.31215862,0.165,Theropithecus_gelada
44,17.0,0.875,0.273138792,0.15,Theropithecus_gelada
44,18.0,0.879,0.238996443,0.18,Theropithecus_gelada
44,19.0,0.567,0.210077874,0.115,Theropithecus_gelada
44,20.0,0.765,0.119114154,0.145,Theropithecus_gelada
44,21.0,0.769,0.091122328,0.04,Theropithecus_gelada
44,22.0,0.9,0.07007307,0.0,Theropithecus_gelada
44,23.0,0.444,0.063065763,0.055,Theropithecus_gelada
44,24.0,0.333,0.028001199,0.0,Theropithecus_gelada
44,25.0,0,0.009324399,0.0,Theropithecus_gelada
45,0.0,0.653,1.0,0.0,Papio_ursinus
45,1.0,0.833,0.653,0.0,Papio_ursinus
45,2.0,0.925,0.543949,0.0,Papio_ursinus
45,3.0,0.94,0.503152825,0.0,Papio_ursinus
45,4.0,0.959,0.472963656,0.0,Papio_ursinus
45,5.0,0.979,0.453572146,0.04,Papio_ursinus
45,6.0,0.938,0.444047131,0.29,Papio_ursinus
45,7.0,0.93,0.416516208,0.2,Papio_ursinus
45,8.0,0.947,0.387360074,0.305,Papio_ursinus
45,9.0,0.882,0.36682999,0.235,Papio_ursinus
45,10.0,0.833,0.323544051,0.25,Papio_ursinus
45,11.0,1,0.269512195,0.285,Papio_ursinus
45,12.0,0.87,0.269512195,0.13,Papio_ursinus
45,13.0,0.87,0.234475609,0.37,Papio_ursinus
45,14.0,0.95,0.20399378,0.3,Papio_ursinus
45,15.0,0.947,0.193794091,0.185,Papio_ursinus
45,16.0,0.833,0.183523004,0.39,Papio_ursinus
45,17.0,0.625,0.152874663,0.28,Papio_ursinus
45,18.0,1,0.095546664,0.165,Papio_ursinus
45,19.0,0.714,0.095546664,0.355,Papio_ursinus
45,20.0,0.8,0.068220318,0.1,Papio_ursinus
45,21.0,0.5,0.054576255,0.125,Papio_ursinus
45,22.0,0.5,0.027288127,0.0,Papio_ursinus
45,23.0,1,0.013644064,0.0,Papio_ursinus
45,24.0,1,0.013644064,0.0,Papio_ursinus
45,25.0,0,0.013644064,0.0,Papio_ursinus
