rep,model,lam,k,median,E_M50
0,A_individual,8.13754949127496,1.8460452023488247,6.670088883333333,18.20982881264305
0,B_maxonly,18.124210402513974,336.9546779134951,18.100069833333333,18.20372638252054
0,C_combined_indep,8.417368829831254,1.7678322438430116,6.8400886,19.530095340514166
0,D_doublecounted,8.249040770813556,1.8449748576302034,6.760088733333333,18.46799832362305
1,A_individual,8.574837518270654,1.836961426214371,7.0200883,19.265797941089854
1,B_maxonly,19.483696976178052,339.85845604531005,19.460067566666666,19.568384879948262
1,C_combined_indep,8.942825881729059,1.7121581504953998,7.220087966666667,21.334018355844492
1,D_doublecounted,8.711573982359504,1.8278593560265344,7.130088116666666,19.653166575522494
2,A_individual,10.18224474181086,2.3732244062176813,8.73008545,19.015354297151237
2,B_maxonly,18.64637744744513,341.84894293054793,18.630068950000002,18.72699723817963
2,C_combined_indep,10.093132335276074,2.447536324095895,8.690085516666667,18.491284056777058
2,D_doublecounted,10.264075996808016,2.3842255147228424,8.800085333333334,19.112436245274854
3,A_individual,9.358573360459463,2.5247214880593623,8.090086516666666,16.828013056367137
3,B_maxonly,17.131157171004496,340.9161289156702,17.110071483333332,17.205505923812936
3,C_combined_indep,9.396910079284075,2.5554487058310795,8.140086433333334,16.777003735843575
3,D_doublecounted,9.479457794611736,2.5057763445398757,8.19008635,17.121919702238582
4,A_individual,11.088161998673577,2.2145084352887965,9.400084333333334,21.666114617535847
4,B_maxonly,19.90462683032781,336.79777870526505,19.880066866666667,19.99190529899874
4,C_combined_indep,11.475742760016146,2.0577945018250365,9.600084,23.611710850974635
4,D_doublecounted,11.071823354257472,2.2668276185272127,9.4200843,21.298652527163338
5,A_individual,8.668567122935976,2.107973186934045,7.29008785,17.528660244102138
5,B_maxonly,16.192432673744914,324.97825754353204,16.17007305,16.266170407409884
5,C_combined_indep,9.113676350419654,1.8444088308189523,7.47008755,20.408343546624902
5,D_doublecounted,8.669806125693068,2.1505664924840473,7.310087816666667,17.285536734729998
6,A_individual,9.490251387027168,1.9998353312810138,7.900086833333333,19.944531118407347
6,B_maxonly,24.09562090165487,395.85539024348367,24.070059883333332,24.18545828619273
6,C_combined_indep,9.441941373952156,2.0428840214502366,7.89008685,19.531058309670936
6,D_doublecounted,9.843147483024197,1.892752962200829,8.110086483333333,21.586167959909737
7,A_individual,8.723781273203015,2.3194754702257327,7.4500875833333335,16.531762373631942
7,B_maxonly,17.978700106861417,320.9496103857495,17.960070066666667,18.06148171905881
7,C_combined_indep,8.919202397827492,2.2632034183432683,7.59008735,17.175890880992203
7,D_doublecounted,8.922692720068786,2.2559369211551927,7.580087366666667,17.219322479539557
8,A_individual,10.658296892347348,2.235488583396645,9.050084916666666,20.69419427844617
8,B_maxonly,20.272803561868074,355.4791757726096,20.25006625,20.35704577468512
8,C_combined_indep,10.903101897567085,2.172246508420178,9.21008465,21.587220282595585
8,D_doublecounted,10.749791173367843,2.2457918602848648,9.130084783333333,20.807696230520513
9,A_individual,11.305333642399718,2.3857721665313742,9.700083833333334,21.042765785831488
9,B_maxonly,20.481382568727703,341.7192442621777,20.4600659,20.5698816704335
9,C_combined_indep,11.182204826016841,2.4658131334373143,9.640083933333333,20.393891230671098
9,D_doublecounted,11.383456679568926,2.40322430804861,9.770083716666667,21.091812190037693
10,A_individual,10.524350971435961,2.3558929296813305,9.010084983333334,19.745717287531626
10,B_maxonly,18.306498288055305,332.1733477627814,18.290069516666666,18.387949590585272
10,C_combined_indep,10.552238855919542,2.395444689127437,9.0600849,19.591295255389547
10,D_doublecounted,10.517562453997789,2.4110087816978956,9.03008495,19.44827238655624
11,A_individual,10.135230159530401,2.192048912589234,8.570085716666666,19.942061682543294
11,B_maxonly,20.628946493564154,357.65258879783767,20.61006565,20.714136499950868
11,C_combined_indep,10.362558672290392,2.136749697449814,8.73008545,20.75390033904338
11,D_doublecounted,10.303209090841973,2.1650643413890505,8.7000855,20.44630405149839
12,A_individual,11.384353554572645,2.1867111009392257,9.63008395,22.437281553088837
12,B_maxonly,19.404278409657003,344.11663588535083,19.3800677,19.487589881637284
12,C_combined_indep,11.13065383820978,2.2871605442062246,9.4800842,21.286299435371415
12,D_doublecounted,11.249847566588846,2.2765348097985294,9.580084033333334,21.580166753492612
13,A_individual,9.742001953680314,1.736404631774004,7.89008685,22.954662490543367
13,B_maxonly,25.846749639013094,388.96953184069946,25.820056966666666,25.94475206059859
13,C_combined_indep,9.427007063831422,1.8004620116857335,7.6900871833333335,21.535640668810437
13,D_doublecounted,10.04429124752369,1.6823886539044455,8.080086533333333,24.337918013269814
14,A_individual,9.44774718697672,2.2948500209872766,8.050086583333334,18.028269287861672
14,B_maxonly,18.515873081748662,326.32460631963056,18.490069183333333,18.599708902188986
14,C_combined_indep,9.656853284542748,2.228353397990471,8.19008635,18.79012055712782
14,D_doublecounted,9.589506569783373,2.2695156817837105,8.1600864,18.432706525090467
15,A_individual,10.684910600931884,2.3696048456511036,9.15008475,19.973332555176587
15,B_maxonly,22.569858217348354,357.99255499039384,22.550062416666666,22.662896276898064
15,C_combined_indep,10.44997001253009,2.454029521717707,9.000085,19.114080900625314
15,D_doublecounted,10.971003285572902,2.2683244370809708,9.33008445,21.09549752772732
16,A_individual,11.686638155199303,2.2371408239723714,9.920083466666666,22.67958158956013
16,B_maxonly,27.016754717970677,390.93566557473935,26.990055016666666,27.11864749440332
16,C_combined_indep,11.886938767639283,2.213616404411122,10.070083216666667,23.2332509008188
16,D_doublecounted,12.07860343504819,2.1104447138443745,10.150083083333334,24.403549692820178
17,A_individual,9.343520008342571,1.9984504440571214,7.780087033333333,19.646420746520285
17,B_maxonly,18.497553076217375,348.0847824768333,18.4800692,18.576118050967178
17,C_combined_indep,9.342795883781873,2.0389578805370663,7.810086983333333,19.35338638081978
17,D_doublecounted,9.380016872581459,2.0275736816694736,7.83008695,19.511101566047216
18,A_individual,9.527819413253127,1.863078167903937,7.83008695,21.1614562657174
18,B_maxonly,20.394690315746914,374.2014246140513,20.370066050000002,20.47523097333866
18,C_combined_indep,9.172367171167116,1.9498209974064293,7.600087333333334,19.652219026280644
18,D_doublecounted,9.609214547979795,1.8773204811653248,7.900086833333333,21.211598410074842
19,A_individual,9.694616121361014,2.066092549757529,8.120086466666667,19.8886461896221
19,B_maxonly,21.39227075581805,349.49127838146865,21.370064383333332,21.482627954547457
19,C_combined_indep,9.941620335858822,2.0019221856052174,8.2800862,20.876690425480213
19,D_doublecounted,9.910236820961613,2.0150463295856844,8.260086233333332,20.709209238778524
20,A_individual,9.529783546828552,2.2764010351401254,8.110086483333333,18.281342591371295
20,B_maxonly,19.238851524046492,337.58056642343456,19.22006796666667,19.323045964758183
20,C_combined_indep,9.460893197454151,2.3363496775948236,8.090086516666666,17.845141833843932
20,D_doublecounted,9.707076702017039,2.2370726100091063,8.240086266666667,18.83835613336823
21,A_individual,10.303199301770675,1.8730236616155245,8.470085883333333,22.78523125417018
21,B_maxonly,22.498724349209418,378.9460758119093,22.480062533333335,22.5863791757977
21,C_combined_indep,10.356734715784437,1.8978813742699254,8.540085766666667,22.663545432853688
21,D_doublecounted,10.427244668272447,1.875007828958704,8.5800857,23.039895088046066
22,A_individual,11.146804878328993,2.227591195032033,9.460084233333333,21.694223812173423
22,B_maxonly,22.009819585846348,381.19437715733176,21.99006335,22.095086820733428
22,C_combined_indep,11.209997556420134,2.2522744124121807,9.530084116666666,21.65682421060065
22,D_doublecounted,11.298887465948443,2.2133525132698324,9.57008405,22.0856802905362
23,A_individual,10.871248077884339,2.9079856287558656,9.580084033333334,18.081360150056945
23,B_maxonly,16.430816829130094,316.3800746310567,16.41007265,16.507635745926336
23,C_combined_indep,11.148418146322424,2.738161981852858,9.75008375,19.142250320914343
23,D_doublecounted,10.794137781677682,2.997624479774461,9.550084083333333,17.679814994991595
24,A_individual,11.190626003131099,1.9834567053890348,9.3000845,23.664352602233556
24,B_maxonly,19.579638899719185,344.6168685115814,19.5600674,19.66357415952902
24,C_combined_indep,11.39010926114571,1.9580352441930187,9.45008425,24.324567216098902
24,D_doublecounted,10.979265823833924,2.077452675929318,9.200084666666667,22.434651671381598
25,A_individual,10.550444450560642,2.373249992274824,9.040084933333333,19.702835135871666
25,B_maxonly,19.38383932749644,337.53168313675354,19.360067733333334,19.46867374029718
25,C_combined_indep,10.46496246500544,2.4438175462634417,9.010084983333334,19.19035573598058
25,D_doublecounted,10.640688468549685,2.3817036678365646,9.1200848,19.82690059311236
26,A_individual,11.666696020309407,2.080047092098928,9.7800837,23.817804617927568
26,B_maxonly,23.47841614979117,365.1728130679673,23.45006091666667,23.573276824029048
26,C_combined_indep,11.152364501261449,2.1710230990747545,9.4200843,22.08933479270257
26,D_doublecounted,11.788002012441954,2.084672268726012,9.890083516666667,24.026916090089262
27,A_individual,10.469761637075992,2.2107893938700482,8.870085216666666,20.48110073558484
27,B_maxonly,22.09774436856656,358.63257449547507,22.0800632,22.188691804465947
27,C_combined_indep,10.869972400257376,2.0662728973174924,9.100084833333334,22.298423843641643
27,D_doublecounted,10.706117312776264,2.1610623409873497,9.040084933333333,21.2731467103983
28,A_individual,11.190879284596988,2.0506602330027275,9.3600844,23.08418740391064
28,B_maxonly,25.05091233333271,371.5421656803582,25.030058283333332,25.150350463869483
28,C_combined_indep,10.750181743842946,2.12969441376819,9.050084916666666,21.58039372509425
28,D_doublecounted,11.457799825208284,1.998657684259131,9.5400841,24.089965477644512
29,A_individual,9.014013445153829,2.005160872246272,7.510087483333334,18.905934477676162
29,B_maxonly,20.552107144184458,340.56777031515236,20.530065783333335,20.641206970459276
29,C_combined_indep,9.1343252138655,2.0026054889322484,7.610087316666666,19.17660674793355
29,D_doublecounted,9.232444274754274,1.9520124812372688,7.65008725,19.7637849038806
30,A_individual,9.874144641053736,2.0788025384355535,8.2800862,20.167059531592855
30,B_maxonly,20.564249246086675,375.9988355441711,20.540065766666668,20.645067251319603
30,C_combined_indep,9.36629385138518,2.1509382541505877,7.900086833333333,18.671886112377273
30,D_doublecounted,10.026412363970142,2.0646925508169782,8.400086,20.57945739280838
31,A_individual,10.392838140000926,2.341548462731536,8.890085183333333,19.575085905089214
31,B_maxonly,19.885194222808234,365.294930206299,19.870066883333333,19.965642535131405
31,C_combined_indep,10.334510588683305,2.4046771961551263,8.870085216666666,19.141061913806226
31,D_doublecounted,10.530568634592035,2.3251382096674513,8.990085016666667,19.924288115793864
32,A_individual,10.851743233578567,2.077347363837322,9.100084833333334,22.174894285882
32,B_maxonly,21.36945966069748,354.50083016809816,21.350064416666665,21.45845500976518
32,C_combined_indep,10.512025502627507,2.164674879842422,8.870085216666666,20.863290160512832
32,D_doublecounted,10.927976873867884,2.0954306113190992,9.170084716666667,22.1917346990453
33,A_individual,11.569212776070428,2.0215774615021163,9.650083916666667,24.117592680496895
33,B_maxonly,21.540217417871336,347.81432834817895,21.520064133333335,21.631629421202554
33,C_combined_indep,11.264421315391143,2.1064628565474557,9.470084216666667,22.789233305522206
33,D_doublecounted,11.509841258647246,2.078388078175462,9.650083916666667,23.511138715574784
34,A_individual,10.733458588527172,1.9714508672277706,8.91008515,22.80273232434398
34,B_maxonly,22.059014187126785,351.3362358408419,22.040063266666667,22.151676200465477
34,C_combined_indep,10.817828446730186,1.9882848618405056,9.000085,22.83395169896575
34,D_doublecounted,10.823960382048558,1.9853249321774418,9.000085,22.872680523798067
35,A_individual,10.832242736979795,2.232068115464422,9.190084683333334,21.053562698786873
35,B_maxonly,20.751036299940814,342.43493727748285,20.73006545,20.84050343718852
35,C_combined_indep,10.922147592553134,2.2456066023119696,9.280084533333333,21.14247983376759
35,D_doublecounted,10.936742262257221,2.2386184028099807,9.280084533333333,21.214914552300733
36,A_individual,9.91509813143837,2.256750459288326,8.43008595,19.129907260467387
36,B_maxonly,18.219408550281244,356.0624477083378,18.200069666666668,18.295091181093586
36,C_combined_indep,9.857640892264584,2.326256692903481,8.420085966666667,18.645300442832546
36,D_doublecounted,9.955215177114203,2.288380942073107,8.480085866666666,19.031733897504242
37,A_individual,8.6163293330267,1.7538641268777841,6.99008835,20.12813948839001
37,B_maxonly,19.12727730279754,364.5794172714416,19.11006815,19.20484623367161
37,C_combined_indep,8.755617696971719,1.7493984335476183,7.100088166666667,20.498429905079025
37,D_doublecounted,8.680793329423862,1.7717982266295382,7.0600882333333335,20.102503237703612
38,A_individual,10.136653226278337,2.239765720761396,8.61008565,19.656172075204122
38,B_maxonly,19.713850828276993,349.25317911999906,19.690067183333333,19.797243029529444
38,C_combined_indep,10.122727125358624,2.288384265453802,8.620085633333334,19.351953616094715
38,D_doublecounted,10.258732135425204,2.233715786502923,8.710085483333334,19.929009312085622
39,A_individual,9.652584650670006,2.056073870595443,8.080086533333333,19.872737191765577
39,B_maxonly,17.938642564155174,320.4245741784784,17.920070133333333,18.02137593127571
39,C_combined_indep,9.5725497582978,2.121312612888811,8.050086583333334,19.270011867156956
39,D_doublecounted,9.619902840716211,2.1115458648583334,8.090086516666666,19.428855835038814
40,A_individual,9.133149313798716,2.0168390830941734,7.6200873,19.07277112445275
40,B_maxonly,21.381763338260384,348.3840207840546,21.3600644,21.472361586813875
40,C_combined_indep,9.268270584091193,2.0126162471660938,7.730087116666667,19.385235640224867
40,D_doublecounted,9.396072932536145,1.9544437143365427,7.790087016666667,20.094743227906793
41,A_individual,10.432848628567292,2.228679662942045,8.85008525,20.29802974591003
41,B_maxonly,20.332776961954227,339.03200608335356,20.31006615,20.421331336523526
41,C_combined_indep,10.816083598265143,2.060378965918506,9.050084916666666,22.234090009029213
41,D_doublecounted,10.557141496745073,2.2235018337440065,8.950085083333333,20.57206918089752
42,A_individual,10.633135297127975,2.2705939388124907,9.050084916666666,20.43232803058992
42,B_maxonly,16.62011614095846,310.7168545671408,16.600072333333333,16.69921065208734
42,C_combined_indep,10.808818656088572,2.2356127950925884,9.170084716666667,20.985664916307694
42,D_doublecounted,10.368355255860836,2.3959305500488375,8.900085166666667,19.247455623357027
43,A_individual,9.096549289152742,1.9978141405497516,7.570087383333333,19.13174178718011
43,B_maxonly,18.971854185681146,342.4521220945914,18.950068416666667,19.053721859510404
43,C_combined_indep,9.504201874265027,1.818142641547555,7.77008705,21.53565738575246
43,D_doublecounted,9.204535245464605,1.99843170285801,7.660087233333333,19.3543362804434
44,A_individual,9.999460117300531,2.101281866155774,8.400086,20.265708363159565
44,B_maxonly,19.928509460178905,346.268292115902,19.910066816666667,20.013520403616845
44,C_combined_indep,10.124686699731592,2.098922677188193,8.500085833333333,20.535991865654236
44,D_doublecounted,10.098721461880666,2.107512243690097,8.49008585,20.423668964856162
45,A_individual,9.377131236016675,1.8189556093093833,7.6700872166666665,21.239913772401657
45,B_maxonly,20.752215174380098,363.2749486937772,20.73006545,20.83659367398109
45,C_combined_indep,9.63556708750595,1.7710697132634952,7.83008695,22.320494059030526
45,D_doublecounted,9.481277371326717,1.8261371070732264,7.760087066666666,21.405807635219297
46,A_individual,9.768162318768375,2.385041424313544,8.380086033333333,18.18509949390732
46,B_maxonly,16.729835448201108,312.78619826492326,16.710072150000002,16.808924177076495
46,C_combined_indep,10.078376906946982,2.210892126690936,8.540085766666667,19.71485057878999
46,D_doublecounted,9.748251380050535,2.4482104327628336,8.390086016666666,17.856429975719085
47,A_individual,10.31888446970774,2.152467139620362,8.7000855,20.560670680701087
47,B_maxonly,19.554919841414424,354.35677623751036,19.53006745,19.636466312770015
47,C_combined_indep,10.41708294376102,2.161823431164536,8.79008535,20.693776994405095
47,D_doublecounted,10.365472025605767,2.1808120419028203,8.7600854,20.467150569594747
48,A_individual,11.158495160781595,2.0904119048519463,9.3600844,22.6988819856748
48,B_maxonly,23.81400435300174,362.9525348962639,23.79006035,23.91079476462692
48,C_combined_indep,11.090069827135585,2.1435213752134312,9.350084416666666,22.161678245340507
48,D_doublecounted,11.372141384008442,2.057907616966162,9.520084133333333,23.39761237100431
49,A_individual,8.56685540597076,1.8623510864641846,7.040088266666666,19.03355682020812
49,B_maxonly,18.069301384975056,351.13015115406773,18.05006991666667,18.14541137784399
49,C_combined_indep,8.937507984907953,1.7343621084359522,7.23008795,21.08147331008314
49,D_doublecounted,8.620919437086037,1.8827524893653567,7.100088166666667,18.98633337233147
50,A_individual,8.796650755889871,1.9718602679392192,7.300087833333333,18.685376300488954
50,B_maxonly,20.77065766788229,347.31136698863037,20.75006541666667,20.858960405733164
50,C_combined_indep,9.126915864368069,1.8685690147527376,7.5000875,20.223047050145524
50,D_doublecounted,9.040639695888988,1.9136512863305328,7.460087566666667,19.654872036556092
51,A_individual,7.616858427960437,2.125141679307705,6.410089316666666,15.31367522674942
51,B_maxonly,17.02945392330036,321.8482303766164,17.01007165,17.10769743405882
51,C_combined_indep,8.078228916207365,1.7995884296024274,6.590089016666667,18.462917903435617
51,D_doublecounted,7.8186378346745995,2.0541299225961542,6.5400891,16.10833326102794
52,A_individual,8.722878669197378,2.1133997115892043,7.330087783333333,17.606236075616124
52,B_maxonly,15.264752436154607,295.8871431726828,15.250074583333333,15.341081505824228
52,C_combined_indep,8.96166987348495,2.0252519748072606,7.480087533333333,18.656812570510464
52,D_doublecounted,8.628479293659085,2.1932974734464703,7.300087833333333,16.97079697165655
53,A_individual,11.033844589732729,2.181388301386351,9.33008445,21.78291693396602
53,B_maxonly,23.94587017867483,391.2217406345866,23.920060133333333,24.036204063310723
53,C_combined_indep,11.022013513092455,2.2243409812957458,9.350084416666666,21.47246892372521
53,D_doublecounted,11.304361158736913,2.114823251870526,9.51008415,22.805663851850348
54,A_individual,10.052343023080407,1.8525706314546269,8.25008625,22.428957664136004
54,B_maxonly,23.933595130439816,370.9577029683928,23.91006015,24.028781109139658
54,C_combined_indep,10.265833651306815,1.827016454583516,8.400086,23.167520461257503
54,D_doublecounted,10.283693852644168,1.8166352398553687,8.400086,23.31758690460562
55,A_individual,10.199755305690132,1.9536087759243108,8.450085916666668,21.82056568564274
55,B_maxonly,19.006653105212678,360.05756159751525,18.99006835,19.084696875091176
55,C_combined_indep,10.265393317996576,1.9763447187389533,8.530085783333334,21.767223417424027
55,D_doublecounted,10.111333498568422,2.0238542576750653,8.440085933333334,21.060906031542963
56,A_individual,11.631007650131513,2.202049310376146,9.850083583333333,22.814105535791217
56,B_maxonly,21.39991228200828,360.43321014804656,21.380064366666666,21.487577343016163
56,C_combined_indep,11.458470975704747,2.280072767034429,9.760083733333333,21.957912226698213
56,D_doublecounted,11.654277796478727,2.23997812632284,9.900083500000001,22.597584331317222
57,A_individual,10.654446864088769,1.9729996272654977,8.85008525,22.62132701050324
57,B_maxonly,26.30801588698732,378.62041412878614,26.2800562,26.41046542448448
57,C_combined_indep,10.37352123626645,2.042034596266311,8.67008555,21.464565684098307
57,D_doublecounted,11.002661504307936,1.8867443724096455,9.0600849,24.189966156504564
58,A_individual,9.977474036716925,2.0989605905491415,8.380086033333333,20.237143740730037
58,B_maxonly,17.75183179573771,324.3696344484983,17.73007045,17.832726263825286
58,C_combined_indep,10.100309331742796,2.0990196003311223,8.480085866666666,20.485871033650785
58,D_doublecounted,9.886984376067208,2.165390761341004,8.350086083333334,19.618280990968117
59,A_individual,8.456506561269068,2.2332444869230317,7.180088033333333,16.430286453591716
59,B_maxonly,14.576118572986882,288.6843616422921,14.560075733333333,14.650848816441995
59,C_combined_indep,8.823088540938562,1.9821149794932986,7.330087783333333,18.667671372223626
59,D_doublecounted,8.394345520481599,2.3105725358681326,7.160088066666667,15.947130145643808
