analysis,family,fail,median,mean,q90,q95,E_M50,prime_haz,juv_haz,late_slope,nll
baseline,weibull,False,0.4591907981596319,2.8296211426853444,8.3807575115023,14.609989517903578,28.01124537114604,0.07913329243136182,0.3807644228405276,-0.015088265300401414,85.47042305910918
baseline,gompertz_makeham,False,1.899475655131026,2.68478843093007,6.166319543908781,7.9396702740548095,11.580460931199447,0.47041493266618833,0.36990628848833024,0.03439474498172764,99.67045153935763
baseline,siler,False,0.2611516303260652,2.451071718254091,8.425766413282656,9.614001420284056,10.905066120336746,232.10884349313653,0.2969204102871929,0.457507634964529,77.53654972902162
q_juvdef,weibull,False,0.009101780356071213,0.03559238513936976,0.018103560712142426,0.0631124624924985,1.2848583247382832,0.12115605274837415,1.914249446094158,-0.020849805904124687,94.79609406510536
q_juvdef,gompertz_makeham,False,1.1973367873574714,1.7147952734881442,3.951881576315263,5.12211302260452,7.635923299434323,0.6381884734965966,0.5833312544340138,0.01224873198955285,128.52917597326774
q_juvdef,siler,False,0.036107121424284856,0.13025089017383867,0.15313026605321062,0.2251445089017803,3.1894383933273773,228.78734716095144,1.0713403488921214,0.45924974433203797,78.05862520354601
q_juvdef_sq,weibull,False,0.009101780356071213,0.003163599354037297,0.009101780356071213,0.009101780356071213,0.1226932419773906,0.2040910520393401,3.393233959691931,-0.021037379833321896,110.83716489252292
q_juvdef_sq,gompertz_makeham,False,0.9002780356071213,1.2832861615513245,2.9616857371474294,3.8438602120424084,5.744639664080096,0.8277566504008343,0.7798781268425805,0.007974316471775773,159.38607904380058
q_juvdef_sq,siler,False,0.018103560712142426,0.02730256982755513,0.0631124624924985,0.09011780356071214,0.19436291586435292,219.18814941290523,2.082072246626169,0.4584625014143006,78.57386670259027
q_logistic,weibull,False,0.009101780356071213,0.27482142569330986,0.1441284856971394,0.7202424284856971,8.536133799862089,0.06417524863378356,1.1360273247291213,-0.021264069945365872,85.5436624183358
q_logistic,gompertz_makeham,False,1.1523278855771153,1.6447085614232049,3.789849529905981,4.915072074414883,7.332939326679064,0.6605355181871495,0.6082534889668689,0.011175372596141517,133.6547193333248
q_logistic,siler,False,0.05411068213642728,0.2843299016652756,0.24314806961392274,0.4591907981596319,6.208518349802008,230.94747264661768,0.8389761584189717,0.45980061870940536,77.68415310304185
ageerr_plus1lag,weibull,False,2.898673274654931,3.7264056250589057,7.993680956191238,9.983074414882976,13.997581876865468,0.3933021848527449,0.2589932235280948,0.005154922428462377,112.28439792478486
ageerr_plus1lag,gompertz_makeham,False,2.8716679335867172,3.707352170861057,8.317745049009801,10.055088657731545,12.571874900655558,3.4040558246144723,0.24877420128550692,0.2437972705217568,114.16558581118666
ageerr_plus1lag,siler,False,2.439582476495299,3.666303063101293,9.235926645329064,10.550186577315461,11.93679274818224,147.38951689901631,0.25026576472441453,0.4648786081716931,113.25750712237846
exclude_age0,weibull,False,6.346355151030205,6.543793040454747,10.415159871974394,11.612396659331864,13.608619314565061,1.1955227955877403,0.06675408065609438,0.04000707290171149,45.140802946951034
exclude_age0,gompertz_makeham,False,6.5984050010001996,6.252114139995737,10.001077975595118,10.694215063012601,11.632494188589977,166.67972614959413,0.07631610503510058,0.4333041812630733,45.991673486711036
exclude_age0,siler,False,6.517388977795558,6.143651287114983,9.983074414882976,10.67621150230046,11.621600346438134,166.6727048142634,0.08028969262905676,0.4333014118704349,46.96112419225189
exclude_top10pct,weibull,False,0.2611516303260652,1.8687316195030896,5.221132606521303,9.42496403280656,21.530423917981174,0.10079081314006261,0.4787390859098494,-0.015003498056961436,61.46358881767352
exclude_top10pct,gompertz_makeham,False,1.3143599319863972,1.8604198072711107,4.275945669133826,5.527193138627725,8.134182240382732,0.6990774781953484,0.5385243204557718,0.03923774195563931,73.51806142258623
exclude_top10pct,siler,False,0.1981391678335667,1.6187994740038891,6.1843231046209235,7.606604400880175,9.15995591320253,158.24374425399742,0.3982601500953634,0.39507391341878334,57.67080173912446
standing_r-0.10,weibull,False,0.009101780356071213,0.19529925923333816,0.46819257851570306,0.9902958391678335,3.419808748757075,0.2163610898094663,1.2133077000288077,-0.016043626670949662,89.08969272733154
standing_r-0.10,gompertz_makeham,False,1.521400880176035,2.169794771354939,4.987086317263452,6.45437651530306,9.538999760294043,0.5387935469379408,0.46018946917519443,0.021039380095577417,99.6761802921712
standing_r-0.10,siler,False,0.05411068213642728,0.12367459641431633,0.2161427285457091,0.30616053210642125,2.1233208056388224,16.25242919062489,1.2398263146840585,0.33011988106469103,79.40130383008812
standing_r-0.05,weibull,False,0.009101780356071213,0.13636366923810334,0.24314806961392274,0.6302246249249849,3.077556599111719,0.17384166422280026,1.3030954203823146,-0.01763997064670805,88.70774385051314
standing_r-0.05,gompertz_makeham,False,1.7104382676535306,2.426167751400124,5.572202040408081,7.20152428485697,10.603449688454312,0.48884938373635684,0.4107162685398849,0.02276419303265813,99.69800168712324
standing_r-0.05,siler,False,0.05411068213642728,0.1361801245769258,0.2161427285457091,0.31516231246249243,2.5901120521809826,12.337541002660274,1.1838371879344571,0.32342291174637433,80.03189138682082
standing_r+0.00,weibull,False,0.009101780356071213,0.11344350394353075,0.1351267053410682,0.44118723744748944,3.061920951043143,0.14071714770006713,1.3626127820447527,-0.018860585855857346,88.53249698439672
standing_r+0.00,gompertz_makeham,False,1.944484556911382,2.748379248673089,6.310348029605921,8.137709441888376,11.912441996549836,0.4389392262100795,0.36141314614482983,0.02481787843019571,99.72657250005308
standing_r+0.00,siler,False,0.05411068213642728,0.15415781293891778,0.2251445089017803,0.33316587317463486,3.221310233786678,8.185082217401618,1.1262778042038497,0.30948774606088375,80.80925682874496
standing_r+0.05,weibull,False,0.009101780356071213,0.12160488296616614,0.10812136427285456,0.3961783356671334,3.5972256393414823,0.11605596247206909,1.3496704153352743,-0.019649654887579197,88.68730502593144
standing_r+0.05,gompertz_makeham,False,2.2415433086617322,3.163821446458575,7.255534966993397,9.334946229245848,13.548544634028318,0.3890770112132248,0.31237091486696617,0.02730459704961239,99.76474581809775
standing_r+0.05,siler,False,0.05411068213642728,0.17993503964613344,0.23414628925785153,0.3511694338867773,4.079182332709871,4.625050705510173,1.0675376982437084,0.28680691979260864,81.74917145237245
standing_r+0.10,weibull,False,0.009101780356071213,0.1565160179792285,0.11712314462892577,0.46819257851570306,4.783316831872385,0.09676567476973895,1.2768859228022218,-0.020160729353424063,89.1737361138874
standing_r+0.10,gompertz_makeham,False,2.6556252050410083,3.7157579629312596,8.506782436487295,10.892254230846168,15.624790270308491,0.33932466406470096,0.26376596441832123,0.03038267329098185,99.81718179203277
standing_r+0.10,siler,False,0.0631124624924985,0.2176649833751149,0.24314806961392274,0.37817477495499097,5.272247162358131,2.155883719198009,1.0079156136023633,0.25343482016940583,82.86338804229364
prior_sd1.5,weibull,False,0.4591907981596319,2.7751189076969593,8.173716563312661,14.231914742948588,27.56116847992856,0.0814327589739503,0.3849062786053941,-0.014971315769266786,85.59503210828876
prior_sd1.5,gompertz_makeham,False,1.9174792158431684,2.661796674491162,6.08530352070414,7.768636447289457,11.043835630918606,0.6292903124708448,0.3715591180386512,0.06675769119765912,101.94262983478694
prior_sd1.5,siler,False,0.3421676535307061,2.345306269122131,7.957673834766952,9.433965813162631,11.161434443887197,24.464544594460254,0.3160028869943467,0.3198628116974792,81.76844543094802
prior_sd4.0,weibull,False,0.4591907981596319,2.8502713471351786,8.452771754350868,14.754018003600718,28.178742866939658,0.07827738786989324,0.37921430626588815,-0.015132525779484433,85.42640485386836
prior_sd4.0,gompertz_makeham,False,2.0795112622524505,2.83997693841504,6.688422804560911,8.263734366873374,9.981249674906215,14033.299563269398,0.33592240931073775,0.7396899543001201,98.18768354056068
prior_sd4.0,siler,False,0.2251445089017803,2.4870227229825668,8.722825165033006,9.686015663132626,10.640659886570843,8697.240814382261,0.2940969290510039,0.6763992955912332,75.39547023428554
loco_age0,weibull,False,6.346355151030205,6.543793040454747,10.415159871974394,11.612396659331864,13.608619314565061,1.1955227955877403,0.06675408065609438,0.04000707290171149,45.140802946951034
loco_age0,gompertz_makeham,False,6.5984050010001996,6.252114139995737,10.001077975595118,10.694215063012601,11.632494188589977,166.67972614959413,0.07631610503510058,0.4333041812630733,45.991673486711036
loco_age0,siler,False,6.517388977795558,6.143651287114983,9.983074414882976,10.67621150230046,11.621600346438134,166.6727048142634,0.08028969262905676,0.4333014118704349,46.96112419225189
loco_age2,weibull,False,0.09911958391678335,2.976640948924514,9.577994298859771,18.489756851370274,32.44853968006386,0.04152547604088745,0.36814640339446253,-0.018456931573965985,70.39471038515896
loco_age2,gompertz_makeham,False,1.9174792158431684,2.7094010276192204,6.220330226045208,8.02068629725945,11.718308854679176,0.45656352827240704,0.36659558425780614,0.03130673645721271,90.15234272165463
loco_age2,siler,False,0.18013560712142426,2.336601338557398,8.794839407881575,9.749028125625124,10.769495266614406,1215.493305940277,0.29909757561043526,0.5499051095902167,57.617607332420306
loco_age4,weibull,False,0.38717655531106215,2.7930774568333647,8.326746829365872,14.790025125025004,28.407517658391097,0.07443912631500642,0.3849634517634596,-0.015549019203908495,81.924566540463
loco_age4,gompertz_makeham,False,1.8724703140628123,2.6473829104289424,6.076301740348069,7.840650690138027,11.45638994406482,0.469074677447343,0.37539550886678524,0.031711040519793836,97.03265779851488
loco_age4,siler,False,0.24314806961392274,2.409455801856069,8.470775315063012,9.64100676135227,10.88609448141768,359.8947313475997,0.30070924481604794,0.4851120005278941,74.12412484398041
loco_age5,weibull,False,0.3241640928185637,2.6937939462223617,8.02068629725945,14.501968153630724,28.279792833907507,0.07237998877976663,0.3941659722574995,-0.015867304629479318,77.81122313571835
loco_age5,gompertz_makeham,False,1.809457851570314,2.565583871887163,5.896266133226645,7.606604400880175,11.152872025048552,0.47420217288050326,0.38780282491183476,0.028372271961691082,93.61318065878595
loco_age5,siler,False,0.23414628925785153,2.3305038100974267,8.461773534706941,9.659010322064411,10.896371970161814,496.2520479118296,0.3102201841228813,0.507964732050308,70.86158612735834
loco_age7,weibull,False,0.3421676535307061,2.5858470583171833,7.606604400880175,13.65580080016003,27.262845006744733,0.0778444484847655,0.4029119849386873,-0.015554263585349374,76.95064610338756
loco_age7,gompertz_makeham,False,1.7464453890778153,2.479889492941035,5.6982269653930775,7.354554550910181,10.797101074259162,0.4902899354693546,0.4015275860826339,0.028140623174737357,92.01022509281147
loco_age7,siler,False,0.23414628925785153,2.2442247353516493,8.173716563312661,9.5689925185037,11.039922201901968,123.60559545231226,0.322341029127028,0.4264676165227252,71.19651611990149
loco_age8,weibull,False,0.29715875175035,2.378454450606067,6.895463752750549,12.494571134226844,25.964125835373608,0.08197994804814575,0.4224425614941772,-0.015526558783096136,72.04237805002435
loco_age8,gompertz_makeham,False,1.6204204640928184,2.3048933464399384,5.302148629725944,6.841453070614122,10.071166274528927,0.5251218800090945,0.4327107272866113,0.027366941357596607,86.73039577481798
loco_age8,siler,False,0.2251445089017803,2.063356327888724,7.660615083016602,9.298939107821564,11.093807761058631,31.536291992585074,0.34614719511541936,0.34204169042671567,67.68157083976685
loco_age9,weibull,False,0.31516231246249243,2.3063472912780316,6.634412122424484,11.927458971794357,25.131904007863863,0.0866671051361376,0.42891864003386904,-0.015270427090687853,71.50326225845353
loco_age9,gompertz_makeham,False,1.5754115623124623,2.2390920708107673,5.149118363672734,6.643413902780555,9.770216296117948,0.5516671215485145,0.4456681108522152,0.030625507925275755,85.35540089083297
loco_age9,siler,False,0.2251445089017803,1.994589174243388,7.354554550910181,8.938867893578715,10.713784032885297,31.889666894305535,0.3519188179881236,0.33209474894324087,66.98461495208501
loco_age10,weibull,False,0.3691729945989197,2.4431906675599544,7.075499359871974,12.5395800360072,25.73834296173059,0.08638348500790778,0.41475954983024216,-0.015074259031654418,75.8893124566007
loco_age10,gompertz_makeham,False,1.6564275855171033,2.3513640055535117,5.401168213642728,6.967477995599119,10.205373121040411,0.5397134022909652,0.4238683612664165,0.035022459046111364,89.42341594328107
loco_age10,siler,False,0.23414628925785153,2.1146812385908693,7.606604400880175,8.848850090018002,10.17111777353282,320.3948552231786,0.3281273378833098,0.4588080931734186,69.5762975210051
