dataset,family,median,mean,q90,q95,E_M50,E_M100,juv_haz,prime_haz,late_slope,hazmin,nll,converged
Maiasaura|attritional|q_const,weibull,0.4591907981596319,2.8295754479549577,8.3807575115023,14.609989517903578,28.01083285317244,33.301598355102975,0.3807677795275859,0.0791355531458297,-0.015088136388951474,45.0,85.47042305862628,True
Maiasaura|attritional|q_const,gompertz_makeham,1.899475655131026,2.6847906168848947,6.166319543908781,7.9396702740548095,11.580455901759798,13.21497689725906,0.36990592183574145,0.4704186389232353,0.03439630009771785,0.0001,99.67045153950977,True
Maiasaura|attritional|q_const,siler,0.2611516303260652,2.451057425889849,8.425766413282656,9.614001420284056,10.905046219777152,11.41421840414061,0.2969217701580451,232.11889331531594,0.45750992122297396,1.5754115623124623,77.53654972884972,True
Maiasaura|attritional|q_juvdef,weibull,0.009101780356071213,0.035591930279058465,0.018103560712142426,0.0631124624924985,1.2848427358685577,2.152645970299835,1.9142554241572043,0.12115638152053608,-0.020849807422702,45.0,94.79609406516032,True
Maiasaura|attritional|q_juvdef,gompertz_makeham,1.1973367873574714,1.7147952734881442,3.951881576315263,5.12211302260452,7.635923299434323,8.78233704326574,0.5833312544340138,0.6381884734965966,0.01224873198955285,0.0001,128.52917597326774,True
Maiasaura|attritional|q_juvdef,siler,0.036107121424284856,0.13025242605432713,0.15313026605321062,0.2251445089017803,3.1894773087195634,5.082869886922408,1.0713366328094345,228.77475740737944,0.45924634890311733,1.8454649729945987,78.05862520403105,True
Maiasaura|attritional|q_juvdef_sq,weibull,0.009101780356071213,0.00316352618098464,0.009101780356071213,0.009101780356071213,0.1226905743898521,0.21077412160090822,3.393252244521463,0.20409130141272327,-0.02103739504345075,45.0,110.83716489266823,True
Maiasaura|attritional|q_juvdef_sq,gompertz_makeham,0.9002780356071213,1.28328710681839,2.9616857371474294,3.8438602120424084,5.744643168868967,6.615553925897109,0.7798776019121251,0.8277568738060382,0.007974274181740501,0.0001,159.38607904392774,True
Maiasaura|attritional|q_juvdef_sq,siler,0.018103560712142426,0.027302270328880784,0.0631124624924985,0.09011780356071214,0.19436028891602788,0.2688158442851555,2.0820777099138414,219.1907760825664,0.4584633507992517,2.088513042608522,78.57386670252394,True
Maiasaura|standing|r0,weibull,0.009101780356071213,0.11344256004585163,0.1351267053410682,0.44118723744748944,3.0619130962140995,4.67847560496163,1.3626162245203266,0.14071624884425063,-0.018860625813970383,45.0,88.53249698425265,True
Maiasaura|standing|r0,gompertz_makeham,1.944484556911382,2.74838947110176,6.310348029605921,8.137709441888376,11.912478338991235,13.611989871864237,0.3614117410476576,0.4389390878787208,0.02481857934936859,0.0001,99.72657249999043,True
Maiasaura|standing|r0,siler,0.05411068213642728,0.15415161713824294,0.2251445089017803,0.33316587317463486,3.2211995250800625,5.279345619242104,1.1262872329238227,8.184536639424403,0.30948295766457107,2.898673274654931,80.8092568280529,True
Maiasaura|standing|r-0.05,weibull,0.009101780356071213,0.1363689179018788,0.24314806961392274,0.6302246249249849,3.077632592692802,4.507479813298395,1.303081567904256,0.1738425020474707,-0.017639892192008014,45.0,88.70774385043187,True
Maiasaura|standing|r-0.05,gompertz_makeham,1.7104382676535306,2.426164166693148,5.572202040408081,7.20152428485697,10.603432742222948,12.140388144115041,0.4107168766066978,0.4888513955389799,0.022765080168438635,0.0001,99.69800168729718,True
Maiasaura|standing|r-0.05,siler,0.05411068213642728,0.13617987210636132,0.2161427285457091,0.31516231246249243,2.5901222196036735,4.277317210940513,1.1838346897020646,12.336554597518388,0.32341638494801217,2.9256786157231445,80.0318913872315,True
Maiasaura|standing|r+0.05,weibull,0.009101780356071213,0.12160269865638394,0.10812136427285456,0.3961783356671334,3.5971680467602996,5.623019931679289,1.349677265515455,0.11605642611836185,-0.019649659366685418,45.0,88.68730502608899,True
Maiasaura|standing|r+0.05,gompertz_makeham,2.2415433086617322,3.163821446458575,7.255534966993397,9.334946229245848,13.548544634028318,15.437108088585319,0.31237091486696617,0.3890770112132248,0.02730459704961239,0.0001,99.76474581809775,True
Maiasaura|standing|r+0.05,siler,0.05411068213642728,0.1799422760094824,0.23414628925785153,0.3511694338867773,4.079318152456602,6.581389087791304,1.067527705594345,4.625613490687309,0.28681541074618744,2.8716679335867172,81.74917145284903,True
Psittacosaurus|attritional,weibull,3.7268370674134825,4.371612442554542,8.632807361472294,10.379152750550109,13.679684756587749,15.141751243020781,0.20147713630038566,0.5168239769187963,0.012050166857804133,0.0001,36.084122074417614,True
Psittacosaurus|attritional,gompertz_makeham,3.6458210442088417,4.215035290669456,8.68681804360872,10.073092218443687,12.091617086764336,12.920804520504948,0.19928215433749014,3.832264276875114,0.2015575002341669,0.0001,37.360042355918154,True
Psittacosaurus|attritional,siler,3.4387800960192036,4.085532311014705,8.722825165033006,10.073092218443687,11.970455640802525,12.745447819081907,0.20619979668951327,5.393638661875802,0.22305843465989367,1.7914542908581714,38.225577398616,True
Psittacosaurus|standing|r0,weibull,6.52639075815163,6.87187553089224,11.531380636127224,13.070685077015401,15.699183185347117,16.83466059094339,0.07028962063372891,0.6919106452338214,0.031116332061845588,0.0001,36.59196371989724,True
Psittacosaurus|standing|r0,gompertz_makeham,4.726034686937386,5.357565460710316,10.847245329065812,12.45856401280256,14.779948110697894,15.730911721588967,0.1448845839049708,1.6708591901139085,0.1759236586306655,0.0001,37.80815219360689,True
Psittacosaurus|standing|r0,siler,3.8618637727545506,4.658925418060459,10.487174114822963,12.179508821764351,14.557641099685783,15.530811703404694,0.17766899504403816,1.725374916246083,0.17854879396007461,1.6564275855171033,38.06003180402319,True
Psittacosaurus|standing|r-0.10,weibull,4.5730044208841765,5.046944517416304,9.217923084616922,10.748225745149028,13.495246746126032,14.696945418219794,0.14961716283976328,0.6840539353429065,0.02004685479224335,0.0001,36.467107452493195,True
Psittacosaurus|standing|r-0.10,gompertz_makeham,3.4747872174434886,4.167880500967843,8.839848309661932,10.415159871974394,12.78414516774385,13.763945111332667,0.20825974700721434,2.02696417584091,0.16777443586772292,0.0001,37.39499399206278,True
Psittacosaurus|standing|r-0.10,siler,2.736641228245649,3.5976865184746307,8.470775315063012,10.118101120224043,12.552906429616076,13.554972353373287,0.24290170084521334,2.110628257732087,0.1708234841088842,1.6564275855171033,37.63042185252398,True
Psittacosaurus|standing|r+0.10,weibull,10.964268473694737,10.807753056638425,12.602592498499698,12.998670834166832,13.570431850940775,13.809643465770312,7.179784112376057e-05,89.78776863170899,0.2138225423119248,0.0001,36.69261602111381,True
Psittacosaurus|standing|r+0.10,gompertz_makeham,6.418369393878775,6.948079185941441,13.457761632326463,15.177101680336065,17.596406395993075,18.586488707323298,0.09819748834263645,0.9844072708244851,0.1678351812264199,0.0001,38.522123036276525,True
Psittacosaurus|standing|r+0.10,siler,5.437175335067012,6.105081012316898,13.097690418083616,14.898046489297858,17.38489627964345,18.39932247595181,0.12846499337041528,0.9999750570772219,0.1695205949125481,1.6564275855171033,38.796565122343665,True
Morganucodon|attritional,weibull,4.844325064304086,5.070731902044411,8.402472677907973,9.474203886824807,11.31012511265926,12.100430553462214,0.08103085712465413,0.9192847855967771,0.04977436237581004,0.0001,81.64667827881475,True
Morganucodon|attritional,gompertz_makeham,4.535666476136038,4.82331448012823,9.088380651614747,10.245850357244926,11.933431374452406,12.631320338616533,0.13148596867591533,1.2113938379531748,0.20629060805773222,0.0001,89.57647438968245,True
Morganucodon|attritional,siler,4.48422337810803,4.774305274041661,9.062659102600742,10.228702657902257,11.921965517572911,12.621418898226937,0.13496286367105118,1.211416148284373,0.20629255437155625,0.411644784224064,90.77424224641028,True
Morganucodon|standing|r0,weibull,7.948058645327236,8.020891558486504,11.917751043155185,13.023777650757358,14.808008802311685,15.56824424917787,0.012827242780255635,0.626941829390823,0.08279880020429202,0.0001,88.36558056440167,True
Morganucodon|standing|r0,gompertz_makeham,6.8934751357530715,6.910516346680646,12.080654186910545,13.255271591883394,14.90098817742652,15.574931559296726,0.07052242369966345,0.6808047487929879,0.2335599422282575,0.0001,91.61482211807476,True
Morganucodon|standing|r0,siler,6.28473180908831,6.266198362963993,11.892029494141182,13.109516147470705,14.79624575976103,15.484790692454355,0.10473173631397568,0.6817746497484737,0.2343957099225836,1.2261605030008573,91.95961591991676,True
Kuehneotherium|attritional,weibull,5.213000600171477,5.235241347097624,7.639400057159188,8.308160331523291,9.379829581679981,9.835029916759952,0.04078520381335083,2.7267766517280907,0.09000518589214562,0.0001,61.01916724824658,True
Kuehneotherium|attritional,gompertz_makeham,5.1701313518148035,4.971398921839697,7.768007802229207,8.34245573020863,9.14239324321151,9.47187847286503,0.07751766826470095,21.73546419739026,0.4653277260956168,0.0001,66.01865512642452,True
Kuehneotherium|attritional,siler,5.12726210345813,4.909142799441878,7.750860102886538,8.333881880537296,9.135666606114276,9.466153927126761,0.08181597686707885,21.73501669718918,0.46532506293255055,0.47166173192340666,67.12390135999071,True
Kuehneotherium|standing|r0,weibull,8.531080422977993,8.404829399785807,10.03150411546156,10.40017965132895,10.932199169422187,11.156345147030773,0.00010005427241388896,14.511460227688003,0.2699097371131718,0.0001,68.53717396145925,True
Kuehneotherium|standing|r0,gompertz_makeham,7.536513861103171,7.076734476112939,10.2887196056016,10.863167533581022,11.657203181700812,11.983169895864778,0.03564595539727385,7.38031113547475,0.48390645608957283,0.0001,72.70774250073136,True
Kuehneotherium|standing|r0,siler,7.099247527865104,6.323444892481978,10.17725955987425,10.777429036867675,11.600106067038839,11.93511855212327,0.07484104086414649,7.398500963617012,0.4846078558926689,1.3890636467562159,73.02116653830053,True
