r,nll,lam,k,median,mean
-0.2,228.89820528675077,5.936396611217791,1.5567586771651287,4.700088249999999,5.336783360761152
-0.18571428571428572,228.87579638830067,6.252840181658827,1.5902782829879036,4.970087574999999,5.609374059302063
-0.17142857142857143,228.85073065520822,6.597368265917988,1.6279806312149772,5.270086825,5.906002355866082
-0.15714285714285714,228.82254847199684,6.973226348274093,1.6707693804266752,5.600085999999999,6.2295587161945845
-0.14285714285714285,228.7906925024355,7.384352206633318,1.7197196896945302,5.970085074999999,6.583645666381579
-0.12857142857142856,228.7544849967025,7.834207005050045,1.7762027206507527,6.38008405,6.971560703996065
-0.1142857142857143,228.71309958837583,8.326454613507213,1.8419428433443767,6.830082924999999,7.396978256388463
-0.1,228.6655292104425,8.866110282068345,1.9194082236850454,7.330081675,7.865020029258117
-0.08571428571428572,228.61055194268485,9.45716531313666,2.0119841249902084,7.890080274999999,8.380319554328569
-0.07142857142857142,228.54670212965397,10.102683837602951,2.1238969151106737,8.510078725,8.947334750960831
-0.057142857142857134,228.47226654138055,10.805683105432127,2.261561492594768,9.190077024999999,9.57131149201997
-0.042857142857142844,228.38535024195613,11.565530442867475,2.433876129871842,9.950075125,10.255452339871884
-0.02857142857142858,228.2841145444268,12.377557430762318,2.652947311191248,10.790073025,11.00073722839262
-0.01428571428571429,228.1674040391301,13.231606473704781,2.936720157333124,11.6800708,11.804686359218039
0.0,228.03618334157602,14.107025492159837,3.3079602333180627,12.630068425,12.655751829287098
0.01428571428571429,227.8964015653792,14.973157191503466,3.7917817665579276,13.600065999999998,13.530913535020588
0.02857142857142858,227.7635178008434,15.792272093511231,4.405352154253784,14.540063649999999,14.393843666901947
0.04285714285714287,227.66679971913695,16.534320621776907,5.141915304023491,15.4000615,15.205831428520106
0.05714285714285716,227.6488341462065,17.18918794559891,5.969667023142153,16.170059575,15.942264862688702
0.07142857142857145,227.7584522882606,17.767260152962272,6.851673352045508,16.850057874999997,16.601572255206918
0.08571428571428574,228.04219927058136,18.285762129530017,7.765207203768857,17.450056375,17.195386365717482
0.10000000000000003,228.53944461808527,18.75976253367832,8.701894386600975,17.990055025,17.73746260166067
0.11428571428571432,229.28110503143833,19.199654474454434,9.65892189463846,18.490053775,18.238457073634684
0.12857142857142861,230.28998092408833,19.610875117061898,10.62807228359128,18.950052624999998,18.70406950733107
0.14285714285714285,231.5814432678423,19.997003676220697,11.583515361884528,19.380051549999997,19.137268045185607
0.15714285714285714,233.16402680601578,20.361759591172813,12.462761403451582,19.78005055,19.539581855572425
0.17142857142857143,235.0398698764378,20.71361956999377,13.170464389413574,20.150049624999998,19.91632064882215
0.18571428571428572,237.20518150254068,21.069083584816607,13.599158734311422,20.510048724999997,20.280447209033042
0.2,239.65108544132764,21.45361048428076,13.68400628186813,20.890047775,20.654937868403902
