specimen,tibia_length_cm,min_diaphyseal_circumference_cm,calc_femur_length_cm,lag_count,lags_within_efs
T01,35.0,13.0,36.2,0,
T02,41.5,14.3,43.0,0,
T03,33.8,14.4,35.0,0,
T04,39.7,14.4,41.1,0,
T05,39.4,14.9,40.8,0,
T06,46.0,15.0,47.6,0,
T07^,37.2,14.4,38.5,0,
T08^,36.2,15.1,37.5,0,
T09,38.4,13.6,39.8,0,
T10,42.1,14.9,43.6,0,
T11,43.5,15.2,45.0,0,
T12,41.2,15.5,42.7,0,
T13,43.1,16.2,44.6,0,
T14,44.3,15.7,45.9,0,
T15,46.4,16.7,48.0,0,
T16,44.0,15.4,45.6,0,
T17,45.2,14.9,46.8,0,
T18,43.3,17.2,44.8,0,
T19,43.8,17.0,45.4,0,
T20,43.4,15.4,44.9,0,
T21,46.4,16.4,48.0,0,
T22,48.5,15.9,50.2,0,
T23,45.4,17.2,47.0,0,
T24,48.8,18.3,50.5,0,
T25,48.1,16.7,49.8,0,
T26,47.4,16.8,49.1,0,
T27,48.0,16.6,49.7,0,
T28,47.2,16.6,48.9,0,
T29,48.5,17.0,50.2,0,
T30^□,56.0,21.4,58.0,2,
T31^□,63.0,21.4,65.2,2,
T32^□,69.0,21.3,71.5,2,
T33^□,78.0,28.0,80.8,5,
T34^□◊,75.0,Substantial periosteal surface missing,77.7,7,
T35^◊,75.0,Substantial periosteal surface missing,77.7,8,3
T36□,88.0,30.3,91.1,5,
T37*^◊,83.0,33.2*,85.9,8,
T38*^◊,90.0,33.5*,93.2,10,
T39^,83.0,31.6,85.9,9,
T40,87.5,32.9,90.6,7,8
T41◊,95.0,Substantial periosteal surface missing,98.4,9,
T42*◊,90.5,34.4*,93.7,4,
T43^□,88.0,32.9,91.1,9,
T44^,87.5,38.2,90.6,8,2
T45,99.7,35.3,103.2,Poor internal preservation,3
T46□,93.0,33.2,96.3,10,3
T47◊,32.0,Circumference not measured,,0,
T48◊,69.5,Circumference not measured,72.0,2,
T49◊,Incomplete,23.3,,0,
T50□◊,Incomplete,23.4,,2,
