file,source,identifier,retrieved_utc,sha256,bytes,access_notes,license_or_reuse
data/raw/dryad/woodward_2015_Supplementary_Document_1.docx,Data Dryad doi:10.5061/dryad.7vf45 (Woodward et al. 2015 Paleobiology),dryad file id 20012,2026-09-29T10:05Z,b78f8bdf8a8a445a99a06ae12d5b830c3f9890755dc52bb0c5d38f7b721f794c,40744,"Anubis PoW solved programmatically via scripts/dryad_fetch.py",CC0 Dryad
data/raw/dryad/woodward_2015_Supplementary_Figures_and_Tables.docx,Data Dryad doi:10.5061/dryad.7vf45,dryad file id 20013,2026-09-29T10:05Z,a712a8bdc4989ca29987f363c2d7930d1653351aed9e5388d6c0c9cc1f043bf4,787865,"Anubis PoW solved programmatically; contains Supplementary Tables 1-7 incl. per-specimen LAG counts",CC0 Dryad
data/raw/dryad/griebeler_README.txt,Data Dryad doi:10.5061/dryad.5mkkwh765 (Griebeler 2021 Palaeontology),dryad file id 1057977,2026-09-29T10:07Z,7993b04f8f6fd6fba0c22bef0f43a66167061ccd7a9bedf68e2c5ff3b6a4a850,3544,"README only; the referenced R scripts were not uploaded to the Dryad record (record contains this single file). Contains Albertosaurus empirical lx inline",CC0 Dryad
data/raw/wiley/griebeler_2021_pala12576.pdf,Wiley Palaeontology 10.1111/pala.12576 via dinodata.de mirror,article PDF,2026-09-29T10:06Z,54659744053e3a3dc682d2d1a6d4b5ae1f41799a8bf4fd86ff0a1d07756ba1c5,1040509,"Publisher OA mirror at dinodata.de; Wiley direct blocked by Cloudflare",Published article
data/raw/nature/newham_2020_MOESM5.xlsx,Springer Nature supplementary 10.1038/s41467-020-18898-4 (Newham et al. 2020 Nat Commun),MOESM5 observer cementum increment counts,2026-09-29T10:08Z,e46954f50ffba75183ac74a56fef07325fe321d8f99bd27bb1c711c66c3d6a29,,"3-observer increment counts for Morganucodon (n=35) + Kuehneotherium (n=27)",CC BY 4.0 OA article
data/raw/nature/newham_2020_MOESM6.xlsx,Springer Nature supplementary 10.1038/s41467-020-18898-4,MOESM6 specimen metadata,2026-09-29T10:08Z,742a1dcda7efb1993bfa203f0426af077e739604a87309971227bd0e5781a4bc,,Specimen/fissure metadata,CC BY 4.0
data/raw/nature/newham_2020_MOESM7.xlsx,Springer Nature supplementary 10.1038/s41467-020-18898-4,MOESM7 comparative body mass/lifespan table,2026-09-29T10:08Z,aaba94eee9037417068edb227eef5ecabb25e1d9eb8361075d4cbd0c04298dd1,,Comparative taxa trait table,CC BY 4.0
data/raw/nature/newham_2020_MOESM1.pdf,Springer Nature supplementary 10.1038/s41467-020-18898-4,MOESM1-4 supplementary PDFs,2026-09-29T10:08Z,58d15683193181a076df2074f7de818b11b136450c6ef67d49dd6e512bed839b,,Supplementary information,CC BY 4.0
data/raw/nature/newham_2020_MOESM2.pdf,Springer Nature supplementary 10.1038/s41467-020-18898-4,MOESM2,2026-09-29T10:08Z,8fc3d5741f92339a5494d8f86747c1def2eac66bc5eb59c37dd75ef499347418,,Reporting summary etc.,CC BY 4.0
data/raw/nature/newham_2020_MOESM3.pdf,Springer Nature supplementary 10.1038/s41467-020-18898-4,MOESM3,2026-09-29T10:08Z,30afb7f1904c7ed03467ea81c4ca2a380dc6c520626261fc0c07f125e5dab3fd,,Peer review file,CC BY 4.0
data/raw/nature/newham_2020_MOESM4.pdf,Springer Nature supplementary 10.1038/s41467-020-18898-4,MOESM4,2026-09-29T10:08Z,e46954f50ffba75183ac74a56fef07325fe321d8f99bd27bb1c711c66c3d6a29,,Editorial note,CC BY 4.0
data/raw/nature/newham_2020_MOESM8.zip,Springer Nature supplementary 10.1038/s41467-020-18898-4,MOESM8 source data,2026-09-29T10:08Z,a25b811062b6707e06d0987c9e7274976cee608c5f040883751f18ecb444b125,,Figure source data + phylogenies,CC BY 4.0
data/raw/nature/zhao_2013_ncomms3079.pdf,Springer Nature 10.1038/ncomms3079 (Zhao et al. 2013 Nat Commun),article PDF,2026-09-29T10:09Z,0e809337a8e9841ed2aa1542b44d421e8cd3ee5a6960861fc90cd9c77f444c26,,"Psittacosaurus postural-shift histology; specimen ages in Supp Tables S1-S2",CC BY 4.0 OA
data/raw/nature/zhao_2013_supinfo.pdf,Springer Nature supplementary 10.1038/ncomms3079,MOESM390 supplementary information,2026-09-29T10:09Z,b2b3f0cfbe67a0dd081a1a8fe8dab931e15002b912ffee82463a0e1862f470d6,,Specimen LAG counts (Table S1) and long-bone measurements (Table S2),CC BY 4.0
data/raw/malddaba/life_table_data.zip,malddaba (Ronget et al. 2026 J Anim Ecol),https://malddaba.univ-lyon1.fr/pages/life_table_data/life_table_data.zip,2026-09-29T10:09Z,cbf5e2f7dd9aee2200278c851dcfc9b708dffb4976fb8cc49448109654b9d4cb,53614,45 population life tables (Rdata),Open-access database
data/raw/malddaba/Explanation_life_table.pdf,malddaba,https://malddaba.univ-lyon1.fr/pages/life_table_data/Explanation_life_table.pdf,2026-09-29T10:09Z,a1746963fe2122501799ac0f29202ad2d3da804dce3c9223622c60a4bc2c6ea9,,Life table methodology documentation,Open-access
